Age,Gender,Skin_Feels_After_Washing,Oiliness_T_Zone,Dry_Patches,Greasy_By_Midday,Breakouts_Frequency,Redness_Sensitivity,Hyperpigmentation,Fine_Lines,Sun_Exposure_Daily,Water_Intake_Per_Day,Diet_Influence,Sleep_Hours_Per_Night,Stress_Level,Skin_Type,Skin_Condition
26,Non-binary,Oily,Moderate,Few,Yes,Occasionally,High,None,Few,Low,7,Moderate,7,High,Oily,Acne
49,Other,Normal,Moderate,None,No,Occasionally,Low,None,Noticeable,Low,7,Low,10,High,Normal,Hyperpigmentation
51,Female,Tight,Moderate,Few,No,Occasionally,Moderate,Severe,Noticeable,High,4,Moderate,5,Low,Oily,Acne
48,Other,Normal,Low,Several,No,Frequently,Low,None,Few,Low,3,Low,9,Moderate,Dry,Aging
39,Non-binary,Normal,Moderate,Several,Yes,Occasionally,Low,Mild,Few,Low,8,High,6,Low,Sensitive,Eczema
41,Male,Oily,High,Several,No,Frequently,High,None,Noticeable,High,5,Moderate,8,High,Normal,Hyperpigmentation
56,Male,Normal,Low,None,No,Frequently,High,None,Noticeable,Low,4,High,6,Low,Normal,Hyperpigmentation
50,Other,Tight,Moderate,Few,No,Rarely,Moderate,None,Noticeable,High,4,Low,9,Low,Dry,Aging
49,Male,Oily,Low,Few,No,Rarely,Low,Mild,Few,Low,8,High,4,Low,Normal,Hyperpigmentation
23,Non-binary,Normal,Low,Few,Yes,Occasionally,High,Mild,Few,Moderate,12,Low,5,Low,Sensitive,Rosacea
50,Non-binary,Tight,Moderate,Few,No,Frequently,High,None,Few,Moderate,12,High,4,High,Normal,Aging
56,Female,Oily,High,None,Yes,Occasionally,High,Mild,None,High,7,High,5,Low,Combination,Eczema
30,Female,Normal,High,Few,No,Rarely,Moderate,Mild,Few,Moderate,9,High,10,Low,Sensitive,Acne
28,Female,Oily,Moderate,Few,Yes,Frequently,Low,None,None,High,11,Moderate,7,High,Normal,Rosacea
43,Other,Normal,High,None,No,Occasionally,Low,Mild,Noticeable,Moderate,9,Low,5,Low,Sensitive,Acne
37,Male,Normal,Low,Several,No,Occasionally,High,Severe,None,High,6,Moderate,5,Moderate,Combination,Eczema
21,Male,Normal,Moderate,Several,No,Rarely,Moderate,None,None,Moderate,6,High,7,Moderate,Dry,Acne
55,Other,Normal,High,Several,Yes,Frequently,Moderate,Mild,Noticeable,High,4,Moderate,9,Moderate,Dry,Eczema
45,Male,Tight,High,Few,Yes,Rarely,High,Mild,Few,High,10,High,9,Moderate,Combination,None
33,Female,Normal,Low,None,Yes,Occasionally,Low,None,Noticeable,Moderate,6,Moderate,9,Moderate,Sensitive,Aging
38,Other,Oily,High,None,Yes,Rarely,Moderate,None,None,Moderate,8,Low,6,Low,Normal,Eczema
57,Female,Oily,High,Few,No,Frequently,High,Severe,Noticeable,High,8,Low,9,Low,Oily,None
35,Female,Tight,Low,Few,No,Frequently,High,Severe,Few,High,10,Moderate,10,Low,Combination,None
29,Other,Tight,Moderate,Several,Yes,Rarely,Moderate,Mild,Few,High,6,High,7,Moderate,Dry,None
18,Male,Oily,Low,Few,No,Rarely,Low,Severe,Noticeable,High,8,Moderate,5,Low,Sensitive,Eczema
29,Male,Oily,High,Several,Yes,Occasionally,Moderate,None,Noticeable,Low,2,High,10,Low,Sensitive,Hyperpigmentation
51,Other,Tight,High,Several,Yes,Frequently,High,Severe,Few,High,7,Low,6,High,Sensitive,Acne
31,Other,Tight,Moderate,Few,Yes,Frequently,Low,Mild,Noticeable,Low,3,High,9,Low,Normal,Hyperpigmentation
28,Female,Normal,Moderate,Few,No,Occasionally,Moderate,Mild,Few,Low,9,High,10,High,Normal,None
50,Non-binary,Oily,Low,Several,No,Frequently,Moderate,Mild,Few,Moderate,2,Low,4,Low,Oily,Aging
33,Male,Tight,High,Few,Yes,Frequently,Moderate,Mild,None,Low,8,Low,8,Low,Normal,Eczema
30,Male,Oily,High,Several,Yes,Frequently,High,Severe,None,Moderate,6,Low,4,Low,Combination,None
24,Female,Oily,Moderate,Few,Yes,Frequently,Moderate,Mild,None,High,8,Moderate,10,High,Dry,Hyperpigmentation
56,Female,Tight,Low,None,Yes,Frequently,High,Severe,None,Low,1,Moderate,9,High,Sensitive,Acne
22,Female,Tight,High,Few,Yes,Occasionally,Low,Severe,None,High,4,Moderate,6,Low,Sensitive,Hyperpigmentation
22,Female,Oily,Moderate,Few,Yes,Frequently,Moderate,Severe,None,Moderate,11,High,10,High,Dry,None
43,Female,Tight,Low,Few,Yes,Rarely,High,Mild,Few,High,2,Moderate,9,Low,Oily,Aging
27,Female,Tight,Moderate,None,No,Frequently,Low,None,None,High,9,Low,5,Low,Sensitive,None
21,Female,Oily,Low,None,Yes,Rarely,Low,Mild,Noticeable,Low,3,High,5,High,Normal,Hyperpigmentation
24,Male,Tight,High,Few,Yes,Occasionally,High,Mild,None,High,7,Low,10,High,Normal,Acne
50,Non-binary,Oily,Moderate,Several,Yes,Occasionally,Low,Severe,None,Moderate,10,Low,10,Moderate,Oily,Aging
47,Male,Normal,Low,Several,Yes,Rarely,High,None,Few,High,7,Low,9,Moderate,Normal,None
27,Other,Oily,Low,Few,No,Frequently,Low,None,None,High,11,High,9,High,Normal,Acne
57,Male,Normal,Low,Few,Yes,Rarely,Low,None,None,Low,1,Moderate,4,Low,Oily,Aging
49,Other,Normal,Low,Several,Yes,Frequently,Low,Mild,Noticeable,Moderate,8,Moderate,10,High,Combination,Acne
19,Non-binary,Normal,Moderate,Few,Yes,Occasionally,High,Mild,Noticeable,Low,5,Moderate,9,High,Normal,Aging
46,Other,Oily,Moderate,Few,Yes,Occasionally,Low,Severe,None,Low,4,Low,6,Low,Sensitive,Acne
54,Other,Normal,Moderate,None,No,Occasionally,Low,Mild,Few,High,7,Moderate,10,Low,Oily,Hyperpigmentation
25,Other,Tight,High,Several,No,Frequently,Low,Mild,Noticeable,High,8,High,7,High,Sensitive,Hyperpigmentation
60,Non-binary,Oily,Moderate,Several,No,Occasionally,Moderate,Mild,None,Moderate,3,High,10,Moderate,Dry,Rosacea
46,Male,Normal,High,Few,Yes,Frequently,Low,Mild,Few,Moderate,12,Moderate,8,High,Oily,Acne
46,Other,Oily,Moderate,Few,Yes,Frequently,High,None,Noticeable,Low,8,Moderate,9,Moderate,Oily,Acne
18,Male,Tight,Low,None,No,Occasionally,High,None,Noticeable,Moderate,3,Moderate,10,Low,Combination,Acne
28,Non-binary,Normal,Moderate,None,No,Occasionally,Moderate,Severe,None,Moderate,1,Moderate,4,High,Dry,Acne
41,Non-binary,Tight,High,None,Yes,Frequently,Moderate,Severe,Few,High,12,Moderate,7,Moderate,Sensitive,Rosacea
20,Female,Tight,High,Few,No,Rarely,High,None,None,High,12,High,5,Moderate,Oily,Aging
48,Female,Oily,High,None,No,Occasionally,Moderate,Severe,Few,Moderate,2,Low,5,Moderate,Dry,None
54,Male,Oily,Low,None,No,Rarely,High,Mild,None,High,12,High,6,Low,Sensitive,Acne
21,Other,Oily,Moderate,Few,Yes,Occasionally,High,Mild,Noticeable,High,1,High,4,Moderate,Oily,Aging
27,Other,Oily,Moderate,Several,No,Frequently,Moderate,Mild,Few,Low,8,High,7,High,Oily,Aging
47,Other,Normal,High,Several,Yes,Rarely,Moderate,Severe,Few,High,10,High,8,Low,Combination,Eczema
59,Female,Oily,High,Few,No,Frequently,High,Severe,Noticeable,Moderate,8,Moderate,7,High,Sensitive,Hyperpigmentation
34,Female,Normal,Moderate,Few,Yes,Rarely,Moderate,Mild,None,Low,12,Low,9,Moderate,Oily,Hyperpigmentation
34,Female,Tight,High,Several,No,Occasionally,Moderate,Mild,Noticeable,High,3,High,10,Low,Normal,Aging
40,Female,Oily,Low,Few,No,Occasionally,Low,None,None,Moderate,9,Low,9,Low,Normal,Acne
60,Non-binary,Normal,High,Few,No,Frequently,Low,None,None,High,3,Low,7,Moderate,Dry,Eczema
51,Female,Oily,Moderate,Several,Yes,Rarely,Moderate,None,Noticeable,Low,10,Moderate,9,Moderate,Dry,Rosacea
35,Male,Oily,High,Several,Yes,Rarely,Moderate,None,None,Low,1,Moderate,6,Moderate,Oily,Aging
36,Male,Normal,Low,None,Yes,Frequently,Low,Severe,Few,High,2,Moderate,7,Low,Normal,Eczema
40,Female,Oily,Low,None,No,Frequently,High,None,None,Low,3,High,8,Moderate,Sensitive,Acne
23,Female,Normal,Low,None,Yes,Occasionally,High,Severe,None,Moderate,9,Low,4,Moderate,Dry,Acne
36,Other,Oily,Low,None,No,Rarely,Moderate,Severe,Few,Low,8,High,8,High,Oily,Rosacea
25,Other,Tight,High,None,No,Rarely,Moderate,Severe,Noticeable,Low,11,Moderate,8,High,Sensitive,Rosacea
35,Other,Oily,High,Few,Yes,Frequently,Low,Mild,Few,Low,12,Low,6,Moderate,Dry,Rosacea
44,Female,Oily,Moderate,Several,No,Occasionally,High,None,None,Moderate,5,Moderate,8,High,Oily,Eczema
25,Other,Normal,High,Several,Yes,Occasionally,Moderate,None,Noticeable,Moderate,11,Low,8,Moderate,Combination,None
42,Other,Normal,High,None,Yes,Frequently,Low,None,Few,Low,6,High,8,Moderate,Combination,Hyperpigmentation
55,Male,Oily,Moderate,Several,Yes,Rarely,Low,Severe,Few,Low,6,Moderate,9,High,Oily,None
52,Female,Normal,Moderate,Several,No,Rarely,Moderate,Mild,Few,Low,9,Moderate,7,High,Sensitive,Eczema
56,Female,Normal,High,Few,Yes,Rarely,Low,Mild,Few,High,5,High,10,Low,Combination,Aging
44,Female,Tight,Low,Few,No,Frequently,High,Severe,Few,High,9,Low,6,Low,Combination,Eczema
33,Non-binary,Tight,High,Few,No,Occasionally,Low,Severe,None,Low,11,Moderate,10,Low,Normal,Hyperpigmentation
40,Non-binary,Oily,High,Few,Yes,Rarely,Moderate,Severe,Noticeable,High,3,Moderate,10,Moderate,Oily,Aging
45,Male,Oily,Low,Few,Yes,Occasionally,Low,Severe,None,High,5,Low,9,High,Dry,Rosacea
40,Other,Normal,High,None,No,Rarely,Moderate,None,Few,Moderate,5,Low,9,Low,Normal,Hyperpigmentation
34,Male,Oily,Moderate,Few,Yes,Frequently,Moderate,Severe,None,High,9,Low,10,Low,Oily,Acne
42,Non-binary,Oily,High,None,Yes,Rarely,Moderate,Severe,Noticeable,High,8,Low,6,Moderate,Combination,None
45,Male,Tight,Moderate,Several,No,Occasionally,High,Severe,None,Low,7,Moderate,10,High,Oily,Aging
21,Non-binary,Oily,High,None,Yes,Frequently,Moderate,None,Few,Moderate,4,Moderate,6,High,Oily,Aging
38,Other,Oily,Moderate,Several,No,Frequently,Low,None,Few,Low,1,Moderate,7,Low,Combination,Acne
22,Female,Normal,Moderate,Several,No,Occasionally,Moderate,Severe,None,Moderate,8,Moderate,6,High,Sensitive,None
47,Non-binary,Tight,Low,Few,No,Occasionally,Low,Mild,Noticeable,Moderate,9,Moderate,4,High,Sensitive,Rosacea
34,Other,Tight,Low,Few,Yes,Frequently,Moderate,Severe,None,High,3,Low,4,Low,Oily,Eczema
54,Non-binary,Oily,Moderate,Few,No,Frequently,High,Severe,None,Low,7,High,8,Low,Sensitive,Rosacea
52,Other,Tight,Moderate,Several,Yes,Frequently,Moderate,None,Few,Moderate,6,High,10,High,Sensitive,Acne
29,Non-binary,Tight,Low,Few,No,Frequently,Low,None,Noticeable,Low,1,Low,7,Moderate,Combination,Rosacea
19,Non-binary,Tight,High,Few,No,Occasionally,Moderate,None,None,Low,3,High,4,Low,Combination,Eczema
52,Male,Tight,Low,None,No,Rarely,Low,None,None,Moderate,11,Moderate,4,Low,Normal,Acne
55,Other,Tight,Low,Few,Yes,Rarely,Moderate,Mild,Few,High,4,Low,5,High,Combination,Acne
22,Other,Tight,Low,Few,No,Occasionally,Moderate,Mild,Few,High,3,High,9,Low,Combination,None
39,Male,Normal,Low,Few,No,Occasionally,Moderate,None,Few,High,11,High,7,Low,Sensitive,Hyperpigmentation
56,Male,Tight,High,Several,Yes,Frequently,Low,None,None,High,10,Low,9,Low,Sensitive,Rosacea
51,Non-binary,Normal,Low,Few,Yes,Rarely,High,None,Noticeable,Low,12,Moderate,8,Low,Dry,Aging
32,Non-binary,Normal,Low,Few,Yes,Rarely,Low,Severe,Noticeable,Moderate,3,Low,8,Moderate,Normal,Acne
34,Non-binary,Normal,Moderate,Few,No,Rarely,Low,None,None,Low,1,High,9,Moderate,Normal,None
20,Other,Oily,Low,Few,No,Rarely,Low,Mild,Noticeable,Low,5,Moderate,8,Low,Oily,Acne
40,Female,Normal,High,Several,No,Rarely,Low,None,Few,Low,4,Low,7,Moderate,Oily,None
26,Male,Tight,Moderate,Few,No,Frequently,High,None,Noticeable,Low,5,Low,8,High,Sensitive,Eczema
46,Non-binary,Oily,High,Several,Yes,Rarely,Low,Mild,Noticeable,High,10,Moderate,6,Low,Dry,Eczema
49,Female,Tight,Moderate,None,Yes,Rarely,High,Mild,Noticeable,High,2,Moderate,8,Moderate,Oily,Rosacea
20,Non-binary,Oily,Low,Few,No,Rarely,Low,None,Few,Low,1,Moderate,4,Moderate,Normal,None
48,Female,Normal,High,Several,Yes,Frequently,High,None,Noticeable,High,2,High,9,Low,Dry,Rosacea
25,Non-binary,Tight,Low,Several,No,Rarely,Low,Mild,Few,High,5,High,9,Moderate,Oily,Rosacea
47,Male,Normal,Moderate,Several,Yes,Frequently,High,None,Noticeable,High,5,Moderate,4,Low,Dry,Hyperpigmentation
43,Male,Oily,High,None,Yes,Frequently,High,Mild,None,Moderate,9,Moderate,9,High,Dry,Eczema
37,Other,Tight,Low,None,No,Occasionally,Low,Severe,Noticeable,Moderate,12,Low,7,Low,Combination,Aging
57,Other,Oily,High,Several,No,Frequently,Moderate,Mild,None,Moderate,8,Moderate,7,Low,Normal,Rosacea
20,Other,Tight,Moderate,Several,No,Rarely,Low,Severe,Noticeable,Moderate,1,Moderate,5,Low,Normal,Rosacea
18,Male,Tight,High,Few,No,Occasionally,Moderate,Mild,Few,Low,10,High,4,High,Sensitive,None
33,Non-binary,Oily,Low,Few,Yes,Occasionally,High,None,Noticeable,High,12,Low,5,High,Normal,Eczema
48,Male,Normal,Moderate,None,No,Rarely,High,Severe,Noticeable,High,9,Low,4,High,Sensitive,Eczema
34,Other,Normal,Low,None,No,Frequently,High,None,None,High,5,Moderate,4,High,Sensitive,Eczema
21,Female,Tight,Moderate,Several,No,Frequently,High,Mild,Few,High,10,Moderate,4,Low,Normal,None
34,Male,Oily,Low,Several,Yes,Occasionally,Low,None,Few,Low,8,Low,5,High,Oily,None
60,Non-binary,Oily,Low,Few,Yes,Frequently,Low,Mild,Few,High,9,Moderate,10,High,Dry,None
47,Male,Tight,Low,None,No,Rarely,High,Severe,None,High,2,High,5,Moderate,Oily,Eczema
58,Female,Normal,Moderate,Several,Yes,Frequently,Moderate,Mild,Noticeable,High,7,High,6,High,Oily,Rosacea
55,Non-binary,Tight,Moderate,None,Yes,Frequently,Low,None,Few,High,8,Moderate,10,Moderate,Sensitive,Acne
42,Female,Tight,Moderate,None,Yes,Occasionally,Low,Severe,None,Low,2,Low,6,Low,Normal,Aging
51,Male,Tight,Low,Few,Yes,Frequently,Moderate,Severe,None,High,7,Low,6,Moderate,Combination,None
60,Non-binary,Tight,Moderate,Few,No,Rarely,Low,None,Few,Moderate,6,High,10,High,Combination,Hyperpigmentation
21,Female,Tight,Low,Several,Yes,Frequently,Moderate,None,Noticeable,Low,11,Low,8,Low,Combination,None
31,Non-binary,Tight,High,Few,Yes,Occasionally,Low,Mild,Noticeable,High,4,Moderate,7,Moderate,Dry,None
24,Female,Tight,Low,None,Yes,Rarely,High,Mild,Few,High,10,High,9,Low,Oily,Eczema
22,Other,Tight,High,Several,Yes,Rarely,Low,Mild,Noticeable,High,4,Low,4,Low,Dry,Eczema
41,Other,Oily,Low,None,No,Occasionally,Low,None,None,Moderate,6,High,10,Low,Dry,Aging
30,Non-binary,Oily,Low,None,Yes,Rarely,Low,None,Few,Moderate,7,High,8,Low,Sensitive,Acne
23,Non-binary,Normal,High,None,No,Frequently,High,Severe,Few,Moderate,6,High,7,High,Dry,Eczema
55,Female,Tight,High,Few,No,Frequently,High,Mild,Few,Moderate,7,High,8,Low,Normal,Rosacea
45,Male,Tight,Moderate,Several,No,Occasionally,Moderate,Severe,Few,High,2,High,4,Low,Sensitive,Rosacea
21,Non-binary,Normal,Low,Few,Yes,Occasionally,Moderate,Severe,None,Moderate,5,Low,9,High,Oily,Eczema
58,Other,Tight,Moderate,None,Yes,Frequently,High,Mild,Noticeable,High,3,Moderate,10,Low,Combination,Aging
43,Male,Oily,Moderate,None,No,Frequently,High,Severe,None,Low,2,High,4,Moderate,Normal,None
59,Other,Oily,High,None,Yes,Frequently,Moderate,Mild,Few,Moderate,5,Moderate,4,Low,Normal,Eczema
29,Female,Normal,Low,Several,Yes,Occasionally,High,None,Noticeable,Low,11,Moderate,9,Moderate,Dry,Aging
45,Non-binary,Tight,Low,None,No,Occasionally,Moderate,Severe,Few,Moderate,10,Moderate,6,High,Oily,Rosacea
46,Female,Tight,Moderate,Several,Yes,Rarely,High,Severe,Noticeable,Moderate,2,High,5,Low,Combination,Hyperpigmentation
36,Other,Oily,Moderate,Few,No,Frequently,Moderate,Severe,Few,Moderate,12,Low,5,Moderate,Oily,Hyperpigmentation
40,Non-binary,Tight,Moderate,Few,No,Rarely,Moderate,None,Noticeable,Low,6,Low,8,High,Normal,Acne
33,Female,Oily,Moderate,Few,No,Occasionally,Moderate,Mild,Noticeable,High,5,High,8,High,Normal,Hyperpigmentation
58,Non-binary,Oily,Low,Several,Yes,Occasionally,High,None,Few,Low,4,Low,4,Moderate,Dry,Acne
22,Female,Tight,Low,Few,No,Rarely,High,Mild,Noticeable,High,10,Low,8,High,Dry,Eczema
26,Male,Normal,High,Few,No,Rarely,Low,Mild,Noticeable,High,12,Low,9,High,Sensitive,Hyperpigmentation
46,Non-binary,Tight,Moderate,Several,No,Frequently,Low,Mild,Few,High,11,High,4,High,Sensitive,Rosacea
27,Non-binary,Tight,Moderate,Several,No,Occasionally,High,Mild,Few,Moderate,1,Moderate,4,High,Normal,Eczema
26,Female,Oily,High,None,No,Frequently,Low,Mild,Noticeable,Low,7,High,8,Low,Dry,Rosacea
55,Other,Tight,Low,Few,Yes,Frequently,Low,Mild,Noticeable,Low,12,Low,10,Low,Oily,None
26,Female,Normal,High,None,No,Occasionally,Moderate,Mild,None,High,2,High,6,Moderate,Oily,Aging
18,Male,Oily,Low,Few,No,Frequently,High,Severe,None,High,1,High,8,Low,Combination,Eczema
33,Non-binary,Normal,Moderate,Several,Yes,Frequently,High,None,Few,Moderate,2,Low,4,High,Normal,Acne
26,Female,Tight,Moderate,Few,No,Frequently,Low,None,Few,Low,7,Low,8,Moderate,Normal,Rosacea
35,Non-binary,Tight,Moderate,Few,Yes,Occasionally,Moderate,Mild,Noticeable,Low,3,Moderate,5,Low,Dry,Rosacea
55,Male,Oily,Low,None,Yes,Rarely,Moderate,None,Few,High,7,Low,10,Moderate,Dry,Rosacea
30,Male,Normal,Low,None,Yes,Frequently,Low,None,None,Moderate,11,High,4,Low,Oily,Hyperpigmentation
39,Female,Normal,Moderate,None,Yes,Occasionally,Moderate,Severe,Few,Low,12,Moderate,6,High,Sensitive,Hyperpigmentation
18,Male,Tight,Moderate,Several,No,Rarely,Low,None,Few,Moderate,2,Low,8,High,Oily,Aging
39,Other,Oily,High,Few,No,Frequently,Low,Severe,Few,Moderate,6,Moderate,5,Moderate,Combination,Aging
53,Other,Normal,High,Several,Yes,Occasionally,Moderate,Mild,None,Moderate,2,High,7,High,Normal,Acne
22,Female,Normal,High,Few,Yes,Rarely,Moderate,Mild,Few,Low,9,Low,4,Moderate,Sensitive,Rosacea
51,Female,Tight,High,Several,No,Rarely,Moderate,Mild,Noticeable,Low,6,Low,7,High,Normal,Hyperpigmentation
25,Female,Tight,Moderate,Few,Yes,Frequently,Moderate,None,Few,High,7,Moderate,4,Low,Oily,None
24,Male,Tight,Low,Few,Yes,Frequently,Moderate,Mild,Noticeable,Moderate,7,High,5,Moderate,Normal,Eczema
35,Male,Oily,Low,Few,Yes,Occasionally,Low,None,Few,Low,1,High,6,Low,Normal,Hyperpigmentation
59,Non-binary,Oily,Moderate,None,No,Rarely,Low,Mild,Noticeable,Low,11,High,5,High,Dry,Rosacea
49,Other,Normal,High,Several,No,Frequently,Low,None,None,High,4,Low,6,High,Sensitive,Aging
22,Female,Normal,Moderate,None,Yes,Frequently,Moderate,Mild,Few,Moderate,3,Low,10,Low,Sensitive,Eczema
53,Female,Tight,Low,None,No,Frequently,Low,Mild,Noticeable,High,4,Moderate,6,Moderate,Normal,Aging
42,Non-binary,Oily,High,Several,Yes,Occasionally,High,Severe,None,High,11,Low,6,Low,Sensitive,Hyperpigmentation
56,Female,Tight,Moderate,None,Yes,Frequently,Moderate,None,None,High,8,Moderate,6,Low,Oily,Hyperpigmentation
35,Other,Oily,Moderate,Several,Yes,Rarely,Low,None,None,High,3,Low,10,Low,Dry,Hyperpigmentation
39,Female,Tight,Moderate,Several,Yes,Frequently,High,Mild,Few,High,9,High,8,High,Combination,None
57,Non-binary,Normal,High,Several,Yes,Rarely,Moderate,Severe,Few,High,10,Moderate,9,Low,Dry,Hyperpigmentation
20,Female,Oily,Moderate,None,No,Frequently,High,Severe,None,Moderate,8,High,10,Moderate,Dry,Aging
31,Non-binary,Tight,Low,None,No,Frequently,Low,Mild,Few,Low,2,Low,10,Low,Combination,Aging
22,Non-binary,Oily,Moderate,Few,No,Frequently,Low,Mild,Few,Moderate,9,Moderate,5,Low,Dry,None
47,Non-binary,Tight,High,Few,Yes,Frequently,Low,None,None,Moderate,8,Moderate,7,Moderate,Combination,Eczema
45,Non-binary,Normal,Low,Several,No,Rarely,High,Mild,Few,Low,7,High,7,Moderate,Dry,Hyperpigmentation
45,Female,Oily,Low,None,No,Frequently,Low,None,None,Low,3,Moderate,5,High,Combination,Aging
44,Non-binary,Oily,Low,Several,No,Rarely,High,Severe,Few,High,5,High,6,Moderate,Oily,Eczema
47,Male,Normal,Moderate,Few,No,Frequently,Moderate,Mild,Noticeable,Low,10,High,6,High,Dry,Eczema
19,Female,Tight,Low,Several,Yes,Occasionally,Moderate,None,Noticeable,Moderate,10,High,4,Low,Oily,Aging
59,Male,Oily,High,Few,No,Rarely,High,Severe,None,High,12,High,6,Moderate,Dry,Acne
41,Male,Tight,Moderate,None,No,Occasionally,Low,None,None,High,4,Low,4,High,Combination,Acne
32,Non-binary,Normal,High,None,Yes,Frequently,Moderate,Severe,Few,High,3,High,9,High,Combination,Hyperpigmentation
51,Male,Normal,Moderate,Several,Yes,Occasionally,High,Mild,Few,Moderate,2,High,8,Moderate,Sensitive,Hyperpigmentation
54,Other,Normal,Low,Few,Yes,Frequently,Moderate,Severe,Noticeable,High,1,Moderate,5,High,Normal,None
33,Non-binary,Tight,Low,None,Yes,Rarely,Moderate,Mild,Noticeable,Moderate,8,Moderate,6,Moderate,Oily,Aging
27,Male,Oily,High,None,Yes,Rarely,Moderate,None,Noticeable,Low,1,High,5,Moderate,Normal,Rosacea
30,Other,Normal,Low,Few,Yes,Occasionally,Low,Severe,Noticeable,Moderate,6,Low,7,High,Sensitive,Acne
60,Other,Tight,Moderate,Few,Yes,Rarely,High,Mild,None,Moderate,9,Moderate,4,Low,Normal,Eczema
21,Non-binary,Tight,Low,Few,No,Rarely,Low,Mild,Few,Low,12,Low,9,Low,Oily,Aging
42,Non-binary,Tight,Low,Few,Yes,Rarely,High,Severe,Noticeable,Low,4,Low,6,Moderate,Combination,None
25,Non-binary,Oily,Moderate,None,No,Rarely,High,Mild,Noticeable,Moderate,3,Low,8,Moderate,Normal,Eczema
60,Female,Tight,High,None,No,Occasionally,Moderate,Severe,Noticeable,Moderate,8,High,10,High,Dry,Aging
31,Female,Normal,Low,Few,Yes,Frequently,Low,Severe,Noticeable,Low,3,Low,10,High,Combination,Hyperpigmentation
59,Non-binary,Oily,Low,None,No,Occasionally,Low,Severe,Noticeable,Moderate,3,Low,4,Low,Normal,Rosacea
37,Male,Normal,Low,None,Yes,Rarely,Low,Mild,Few,High,7,Low,6,High,Normal,Acne
27,Non-binary,Tight,Low,Few,Yes,Rarely,Moderate,Severe,None,Low,1,Low,4,High,Combination,Aging
40,Male,Normal,Moderate,Several,Yes,Frequently,Moderate,Mild,Few,Low,12,Low,9,High,Dry,Hyperpigmentation
53,Other,Oily,Moderate,Several,Yes,Occasionally,Low,Mild,Few,Low,2,High,8,Moderate,Dry,Aging
59,Male,Oily,Low,None,Yes,Occasionally,Moderate,Severe,Noticeable,Moderate,5,Moderate,5,Moderate,Normal,Hyperpigmentation
23,Male,Normal,High,None,Yes,Occasionally,Low,Severe,Noticeable,Low,8,High,10,Low,Normal,Rosacea
34,Female,Tight,High,Several,No,Rarely,High,None,None,Moderate,11,Moderate,4,Low,Combination,Aging
49,Male,Tight,High,Several,Yes,Rarely,Moderate,Mild,Noticeable,Low,2,High,6,High,Dry,None
27,Male,Oily,High,Several,Yes,Occasionally,Moderate,Severe,Noticeable,High,3,Low,8,High,Normal,Rosacea
43,Female,Oily,Low,Several,No,Occasionally,Moderate,Severe,Few,Moderate,11,High,10,High,Oily,Hyperpigmentation
19,Male,Tight,High,Few,No,Occasionally,Moderate,Severe,None,High,11,Low,7,Low,Dry,Eczema
60,Male,Oily,High,None,Yes,Occasionally,High,None,Noticeable,High,9,High,8,High,Sensitive,Eczema
23,Female,Normal,Moderate,None,No,Rarely,High,None,Few,Low,9,Moderate,4,High,Dry,Eczema
30,Male,Oily,Moderate,None,No,Rarely,High,Mild,Few,Low,11,Low,9,High,Oily,Hyperpigmentation
33,Non-binary,Normal,Low,None,Yes,Frequently,Low,None,Few,High,2,High,6,High,Sensitive,Eczema
27,Female,Normal,Moderate,None,No,Frequently,High,None,Noticeable,High,8,Moderate,7,Low,Combination,None
47,Non-binary,Normal,High,Several,No,Frequently,High,None,None,Low,9,Low,4,Low,Sensitive,Aging
38,Male,Normal,High,Several,Yes,Rarely,Low,Severe,Few,High,8,Low,7,High,Oily,Aging
52,Female,Normal,High,None,Yes,Rarely,Low,Severe,Noticeable,Moderate,4,Low,10,Low,Normal,Aging
32,Male,Oily,Low,Several,No,Occasionally,High,Severe,Few,Moderate,1,Low,8,Low,Combination,Aging
43,Non-binary,Oily,Low,Several,No,Frequently,Low,Severe,Few,High,1,Low,4,Low,Dry,Acne
44,Male,Tight,High,None,No,Frequently,High,None,None,Moderate,10,High,5,High,Dry,Acne
18,Female,Oily,Moderate,None,No,Frequently,High,Severe,Noticeable,Low,7,Low,10,Moderate,Normal,None
52,Female,Normal,Moderate,None,Yes,Rarely,Moderate,None,Noticeable,High,4,Moderate,5,Moderate,Normal,Aging
60,Other,Oily,Low,Few,Yes,Occasionally,Moderate,Severe,Few,Low,7,High,4,Moderate,Sensitive,None
57,Female,Tight,Low,Several,Yes,Rarely,Low,Mild,Noticeable,Low,1,Moderate,8,Low,Normal,Hyperpigmentation
31,Female,Normal,Low,Few,Yes,Frequently,High,Mild,Noticeable,High,8,Low,7,Low,Normal,Eczema
53,Other,Tight,High,None,No,Rarely,Low,Severe,Noticeable,Moderate,4,Moderate,9,High,Normal,Aging
53,Female,Normal,Low,Several,No,Frequently,Moderate,Severe,None,Low,7,Low,9,High,Normal,Hyperpigmentation
45,Other,Tight,High,Few,No,Rarely,Low,Mild,None,Moderate,1,Low,10,Low,Normal,Eczema
38,Other,Oily,Moderate,Few,No,Rarely,Moderate,Severe,None,Low,8,High,5,Moderate,Oily,Aging
26,Male,Normal,Moderate,Several,Yes,Frequently,High,None,Noticeable,Low,9,Low,10,Low,Sensitive,Eczema
45,Female,Normal,Low,None,Yes,Frequently,High,None,None,High,2,High,6,Moderate,Sensitive,Eczema
18,Other,Tight,High,Several,Yes,Occasionally,Low,Severe,Noticeable,Moderate,12,Moderate,7,Low,Oily,Eczema
42,Male,Oily,Moderate,Several,Yes,Rarely,High,None,Noticeable,Low,11,Moderate,4,High,Dry,Rosacea
39,Other,Oily,Moderate,None,No,Rarely,Moderate,None,Noticeable,Low,10,Low,7,Low,Oily,Acne
20,Male,Oily,High,None,Yes,Rarely,High,Mild,Few,Low,1,High,10,Low,Sensitive,Eczema
18,Male,Normal,Low,None,Yes,Frequently,High,Severe,Noticeable,High,12,High,5,Moderate,Dry,None
31,Other,Oily,High,Few,Yes,Rarely,Moderate,None,None,High,9,Low,10,High,Sensitive,Rosacea
18,Other,Tight,Low,Several,No,Rarely,Low,Severe,None,Low,4,Low,8,High,Combination,None
40,Other,Normal,High,Several,No,Rarely,High,Mild,None,Low,4,High,10,High,Combination,Acne
56,Female,Normal,High,Few,No,Occasionally,Moderate,Severe,Few,Moderate,12,High,6,Low,Sensitive,Rosacea
57,Other,Tight,Low,Several,No,Occasionally,Low,Mild,Few,Low,7,Low,9,Moderate,Normal,Rosacea
25,Male,Oily,Moderate,None,Yes,Rarely,Moderate,None,Noticeable,High,10,Low,10,Low,Sensitive,Acne
43,Female,Oily,High,Few,No,Rarely,Low,Mild,Few,High,9,Low,4,Moderate,Normal,None
50,Other,Normal,Moderate,Several,Yes,Frequently,High,Mild,None,Moderate,10,Low,4,Low,Combination,None
36,Female,Oily,Moderate,Several,No,Occasionally,Moderate,Severe,None,Moderate,1,High,10,Moderate,Combination,Acne
38,Female,Tight,High,Few,No,Rarely,High,Mild,None,Low,10,Low,6,Low,Normal,Aging
52,Female,Tight,Moderate,Several,Yes,Occasionally,Low,None,Noticeable,Low,11,High,7,Low,Dry,Acne
53,Other,Tight,Low,Few,No,Frequently,Moderate,None,Few,High,8,Moderate,6,High,Combination,Aging
48,Male,Normal,Moderate,Few,Yes,Frequently,High,Severe,Few,Low,8,Low,7,High,Oily,Hyperpigmentation
59,Female,Tight,Moderate,Few,No,Rarely,High,None,Few,Low,2,High,7,Moderate,Combination,Aging
38,Female,Tight,High,None,No,Rarely,High,Severe,Noticeable,Low,8,Moderate,7,Low,Oily,Hyperpigmentation
45,Male,Normal,Low,None,Yes,Rarely,Low,Mild,None,Moderate,12,Moderate,4,Low,Sensitive,Rosacea
25,Other,Normal,High,Few,No,Occasionally,Moderate,None,None,Moderate,3,High,6,Low,Oily,Eczema
53,Non-binary,Oily,Moderate,None,Yes,Frequently,Low,Mild,None,Low,11,Moderate,10,Low,Dry,Eczema
24,Other,Normal,Moderate,Several,Yes,Rarely,High,Mild,Few,Low,3,Low,8,High,Combination,None
34,Male,Oily,Low,Several,Yes,Rarely,High,Mild,Few,Moderate,2,Moderate,9,Low,Oily,Eczema
23,Male,Normal,Low,None,Yes,Rarely,Moderate,None,None,Moderate,5,Moderate,5,Low,Combination,Rosacea
46,Non-binary,Normal,Moderate,None,Yes,Rarely,Moderate,Severe,None,Moderate,7,Low,5,High,Dry,Acne
42,Male,Tight,Moderate,Few,Yes,Frequently,Low,None,None,High,2,High,4,Moderate,Combination,Aging
44,Female,Normal,Low,None,No,Rarely,Moderate,Severe,Noticeable,Moderate,1,Low,4,Low,Combination,Rosacea
44,Male,Oily,Moderate,Several,No,Rarely,Moderate,Severe,Few,High,9,Moderate,6,Low,Combination,Rosacea
52,Male,Tight,Moderate,Several,Yes,Occasionally,Moderate,None,None,Low,11,Moderate,9,Moderate,Combination,Acne
26,Female,Oily,Low,Several,Yes,Rarely,High,Mild,Noticeable,High,2,Moderate,6,Low,Dry,Rosacea
52,Other,Oily,Moderate,None,Yes,Frequently,Moderate,None,Noticeable,Moderate,8,Moderate,10,Low,Normal,None
39,Other,Normal,Low,None,No,Frequently,Moderate,Severe,None,High,10,Low,9,High,Sensitive,None
28,Female,Oily,High,Several,Yes,Frequently,High,Mild,Noticeable,High,9,High,5,High,Oily,Hyperpigmentation
38,Non-binary,Tight,High,Several,Yes,Frequently,Low,Mild,Noticeable,Low,10,Moderate,6,Moderate,Oily,Acne
49,Other,Tight,Low,Few,No,Occasionally,High,Severe,Noticeable,Moderate,2,Low,5,Low,Normal,None
40,Other,Oily,Low,None,No,Frequently,Moderate,Mild,None,High,9,Moderate,7,Low,Normal,Acne
28,Other,Normal,High,Few,No,Occasionally,High,Mild,Noticeable,High,2,Moderate,8,Moderate,Dry,None
20,Other,Tight,High,Several,Yes,Rarely,Moderate,Severe,Noticeable,Moderate,4,Moderate,5,High,Dry,Hyperpigmentation
43,Other,Tight,Moderate,None,Yes,Frequently,High,Severe,Few,High,8,High,8,Moderate,Normal,None
52,Male,Tight,High,None,No,Rarely,Moderate,Severe,Noticeable,High,2,High,6,Moderate,Oily,Hyperpigmentation
53,Female,Tight,High,Few,Yes,Occasionally,High,Severe,Few,Low,3,High,5,Low,Normal,Rosacea
28,Male,Tight,Moderate,None,Yes,Frequently,High,Severe,Few,High,8,High,4,Moderate,Normal,Hyperpigmentation
58,Non-binary,Oily,Low,Several,No,Occasionally,Moderate,Mild,Few,Low,11,High,8,High,Oily,Aging
46,Male,Tight,Low,Several,Yes,Rarely,High,Mild,None,High,3,High,10,Moderate,Dry,Eczema
57,Male,Normal,Low,None,Yes,Rarely,High,Severe,None,Moderate,12,Moderate,10,High,Combination,Eczema
18,Male,Normal,Moderate,None,Yes,Frequently,Moderate,Severe,Noticeable,Moderate,8,Low,9,Moderate,Combination,Hyperpigmentation
18,Female,Tight,Low,Several,No,Frequently,Low,None,None,Moderate,11,Moderate,9,Moderate,Normal,Eczema
28,Male,Oily,Moderate,Few,No,Rarely,Low,Mild,None,Moderate,6,Low,10,Moderate,Combination,Aging
32,Other,Normal,Moderate,Few,No,Frequently,Moderate,Severe,Few,Low,6,Low,4,Low,Sensitive,None
20,Non-binary,Normal,Low,None,No,Occasionally,Low,Severe,None,High,11,Low,7,High,Dry,None
23,Non-binary,Oily,Low,Few,Yes,Occasionally,Low,Severe,None,Low,3,High,6,Low,Sensitive,Eczema
54,Non-binary,Tight,High,None,No,Rarely,High,Mild,None,Low,10,High,8,Low,Dry,Rosacea
36,Male,Tight,Low,None,No,Occasionally,Moderate,None,Few,Moderate,10,Moderate,6,High,Normal,Hyperpigmentation
53,Male,Oily,High,Few,Yes,Frequently,Low,None,Few,Low,9,Low,8,Moderate,Dry,Aging
47,Male,Normal,High,Several,Yes,Rarely,Moderate,None,Few,High,2,High,4,Low,Dry,Eczema
32,Other,Oily,High,Few,Yes,Occasionally,Moderate,Mild,Noticeable,Low,3,High,8,High,Normal,None
36,Female,Tight,High,Few,Yes,Frequently,High,None,Few,High,5,Moderate,4,Moderate,Combination,None
52,Male,Tight,High,Few,No,Occasionally,Low,Mild,None,Moderate,2,Low,8,High,Dry,Acne
25,Male,Normal,High,None,No,Occasionally,High,Severe,Noticeable,Low,7,High,4,Moderate,Normal,Rosacea
46,Other,Normal,Moderate,Few,No,Rarely,Low,Severe,None,Moderate,4,Low,4,Moderate,Sensitive,Eczema
40,Male,Oily,High,Few,No,Frequently,Low,Severe,None,Moderate,2,High,5,Moderate,Normal,Rosacea
54,Female,Normal,Low,Few,Yes,Rarely,High,Severe,Few,High,5,Moderate,6,Moderate,Combination,None
59,Non-binary,Normal,Moderate,None,No,Rarely,High,None,None,Moderate,2,Low,5,Moderate,Sensitive,Acne
32,Female,Oily,Moderate,None,Yes,Frequently,Moderate,None,Noticeable,High,2,Low,6,High,Sensitive,Aging
50,Other,Oily,High,None,No,Occasionally,Moderate,Severe,Few,Low,1,High,4,Low,Sensitive,Aging
34,Male,Oily,Low,Several,Yes,Rarely,Moderate,Severe,None,Moderate,3,High,4,Low,Sensitive,Rosacea
26,Female,Normal,Low,Several,No,Occasionally,High,None,None,Low,1,Moderate,8,Moderate,Oily,None
34,Male,Oily,Moderate,None,Yes,Frequently,Low,Mild,Noticeable,Moderate,1,Moderate,10,Moderate,Sensitive,Hyperpigmentation
36,Other,Oily,High,None,Yes,Frequently,High,Severe,None,High,3,High,5,Moderate,Combination,Hyperpigmentation
32,Male,Oily,High,Several,Yes,Frequently,High,Severe,Few,Low,12,High,7,High,Sensitive,Rosacea
56,Non-binary,Tight,Moderate,Several,No,Frequently,High,Mild,Noticeable,Moderate,5,Moderate,8,Moderate,Dry,None
30,Female,Normal,High,Few,No,Rarely,Low,Severe,Noticeable,Moderate,1,Moderate,9,Low,Dry,Rosacea
52,Male,Oily,Moderate,None,No,Frequently,Moderate,Mild,None,Moderate,5,Moderate,6,High,Dry,Hyperpigmentation
23,Female,Normal,High,Several,No,Frequently,Low,Severe,Few,High,7,High,7,High,Oily,Eczema
40,Non-binary,Normal,Low,None,Yes,Rarely,Moderate,Mild,None,Low,6,Low,4,High,Dry,Aging
29,Other,Oily,High,None,No,Occasionally,High,Severe,Noticeable,Low,2,Moderate,7,High,Combination,Aging
47,Other,Normal,High,Several,Yes,Frequently,High,Mild,None,Low,9,Moderate,5,Moderate,Combination,Eczema
42,Female,Oily,Low,None,Yes,Occasionally,Low,None,Few,High,3,Moderate,9,High,Sensitive,Rosacea
27,Male,Tight,Low,Few,No,Occasionally,High,Severe,Noticeable,Moderate,2,Moderate,4,Low,Dry,Acne
32,Other,Oily,Moderate,Few,Yes,Occasionally,High,Mild,Noticeable,High,10,Moderate,4,Moderate,Sensitive,Eczema
60,Male,Tight,High,Several,No,Frequently,High,None,Few,High,5,High,4,High,Sensitive,Acne
27,Female,Normal,Low,Several,No,Frequently,Moderate,None,None,Low,1,High,4,High,Oily,Aging
30,Other,Normal,Low,Several,No,Occasionally,Low,Severe,None,Low,11,Low,5,Moderate,Normal,None
20,Male,Oily,Low,Several,No,Frequently,High,Severe,Few,Low,4,Low,9,Low,Combination,None
49,Non-binary,Oily,Moderate,None,Yes,Frequently,High,Mild,Noticeable,Low,9,High,6,Low,Oily,Hyperpigmentation
20,Female,Normal,Low,None,No,Frequently,Low,Severe,Noticeable,Moderate,9,Moderate,7,Moderate,Normal,Aging
36,Female,Oily,Low,None,Yes,Occasionally,Moderate,Severe,None,Low,10,High,8,High,Sensitive,Aging
41,Non-binary,Oily,Low,None,Yes,Frequently,High,Severe,None,High,12,Moderate,9,Moderate,Normal,Acne
54,Non-binary,Oily,Low,None,Yes,Rarely,Moderate,Severe,Noticeable,High,7,Moderate,7,Low,Dry,Aging
21,Female,Normal,Moderate,None,No,Frequently,High,Mild,None,Moderate,2,Low,4,Low,Oily,Eczema
49,Other,Oily,Low,Few,No,Frequently,High,Severe,Few,High,9,Low,10,Moderate,Dry,None
53,Male,Normal,High,Several,No,Rarely,Moderate,None,Noticeable,High,2,Low,5,High,Oily,Hyperpigmentation
32,Non-binary,Normal,High,Several,Yes,Frequently,Low,Mild,Few,Moderate,7,Moderate,9,High,Combination,Eczema
40,Female,Tight,Moderate,Few,No,Rarely,Moderate,None,Few,High,8,Moderate,4,Moderate,Combination,Hyperpigmentation
56,Female,Normal,Low,Few,Yes,Occasionally,High,None,Noticeable,Low,3,Low,8,Moderate,Sensitive,Hyperpigmentation
19,Other,Normal,High,Several,No,Occasionally,Moderate,None,None,Moderate,12,High,9,Moderate,Combination,Eczema
56,Other,Normal,Low,None,Yes,Rarely,Low,None,None,High,4,Moderate,6,Low,Oily,Eczema
43,Other,Normal,Low,None,Yes,Occasionally,Moderate,None,Few,Low,10,High,8,Low,Sensitive,Aging
26,Female,Normal,Low,Several,No,Rarely,High,Mild,Noticeable,Moderate,5,High,10,Low,Normal,Hyperpigmentation
44,Non-binary,Normal,High,Few,No,Frequently,Low,None,None,High,9,Moderate,5,Low,Oily,Hyperpigmentation
49,Male,Normal,Low,Several,No,Frequently,Moderate,Severe,Few,Low,5,Moderate,6,Moderate,Combination,Rosacea
36,Non-binary,Normal,High,Few,No,Occasionally,Moderate,Mild,None,Moderate,9,High,10,Low,Sensitive,Eczema
42,Non-binary,Tight,Low,Few,No,Rarely,Low,Mild,None,High,5,Low,10,High,Dry,Eczema
41,Female,Tight,Low,Several,Yes,Occasionally,Low,None,None,Low,10,High,6,Moderate,Sensitive,None
54,Male,Oily,Moderate,Several,No,Rarely,Low,Severe,Noticeable,Low,10,Low,6,High,Dry,Aging
28,Male,Oily,Moderate,None,No,Frequently,Moderate,None,None,High,3,Moderate,7,High,Combination,Acne
37,Other,Tight,High,Several,Yes,Frequently,Low,Severe,Noticeable,Moderate,7,Low,7,Low,Combination,Hyperpigmentation
36,Female,Normal,High,Several,No,Rarely,Moderate,Severe,Few,Low,10,Low,5,Moderate,Normal,Hyperpigmentation
45,Female,Normal,Moderate,Few,Yes,Occasionally,Moderate,Severe,None,High,1,Low,7,Moderate,Sensitive,None
25,Male,Oily,Moderate,Several,No,Occasionally,Low,Severe,Noticeable,Moderate,10,Low,7,Moderate,Sensitive,None
32,Female,Oily,Moderate,Several,Yes,Occasionally,Moderate,None,Few,Moderate,3,Low,10,Low,Sensitive,Rosacea
39,Non-binary,Oily,High,Few,No,Occasionally,High,Mild,Few,Moderate,1,Low,5,Low,Combination,Aging
48,Other,Oily,Moderate,Few,Yes,Frequently,High,Mild,None,Low,12,Low,10,Low,Oily,Aging
25,Male,Normal,High,Several,Yes,Occasionally,High,None,Few,Moderate,9,Moderate,7,Low,Sensitive,Eczema
48,Male,Normal,Moderate,Few,No,Rarely,High,Severe,Few,High,3,Low,5,Moderate,Oily,Eczema
21,Other,Tight,Moderate,None,No,Frequently,Low,Severe,Few,High,8,Low,6,Low,Combination,Eczema
60,Male,Tight,High,Several,Yes,Frequently,High,Mild,Noticeable,Low,6,Moderate,6,Low,Normal,Aging
19,Male,Normal,High,Few,No,Occasionally,Low,None,Few,Moderate,11,Moderate,10,Low,Dry,Hyperpigmentation
59,Male,Oily,High,None,Yes,Frequently,Moderate,Severe,Noticeable,Low,10,Low,8,Moderate,Sensitive,Acne
37,Male,Oily,Moderate,Several,Yes,Frequently,High,Mild,Noticeable,Low,11,Moderate,7,High,Dry,Eczema
21,Female,Tight,Low,None,No,Occasionally,Moderate,Mild,Few,Low,1,High,9,High,Sensitive,Hyperpigmentation
27,Non-binary,Normal,High,None,No,Occasionally,Moderate,None,Noticeable,Low,5,Moderate,8,Low,Dry,Aging
58,Other,Oily,High,Several,No,Frequently,Low,Mild,Noticeable,Moderate,2,Low,10,Low,Normal,Hyperpigmentation
37,Female,Tight,Low,Several,Yes,Occasionally,High,Mild,Few,Moderate,12,Low,6,High,Oily,Acne
54,Non-binary,Tight,Moderate,Several,No,Rarely,High,Mild,Few,Moderate,11,Low,8,Moderate,Combination,None
35,Male,Tight,Low,Few,No,Frequently,High,Mild,Few,Moderate,3,High,7,Moderate,Sensitive,None
50,Non-binary,Normal,Moderate,Few,Yes,Rarely,High,None,Few,Moderate,8,Moderate,9,Moderate,Dry,Acne
50,Male,Oily,High,None,Yes,Frequently,High,None,None,Moderate,4,High,7,Moderate,Dry,None
45,Female,Normal,Low,Few,No,Frequently,High,None,Few,High,7,Low,5,Low,Oily,Hyperpigmentation
23,Male,Oily,Low,Several,Yes,Occasionally,High,Severe,None,High,2,Low,10,Low,Dry,None
52,Other,Normal,Low,Few,No,Occasionally,Moderate,None,None,Low,7,High,5,High,Oily,Eczema
57,Female,Oily,High,None,Yes,Rarely,Low,Severe,Noticeable,Moderate,10,High,7,High,Sensitive,Hyperpigmentation
28,Other,Normal,Low,None,No,Frequently,High,Severe,Noticeable,Moderate,4,Low,5,Moderate,Normal,Aging
42,Non-binary,Normal,High,None,No,Rarely,Moderate,None,Few,Low,2,Moderate,8,High,Sensitive,Rosacea
55,Female,Oily,Moderate,Few,Yes,Frequently,Moderate,Mild,None,Moderate,1,Moderate,7,High,Oily,Acne
47,Non-binary,Normal,High,Few,No,Frequently,High,None,Noticeable,High,1,High,5,High,Dry,Acne
26,Male,Normal,Moderate,Few,Yes,Rarely,Low,Mild,None,High,11,Moderate,6,Low,Normal,Aging
40,Female,Tight,Moderate,Few,Yes,Rarely,Low,Mild,Few,High,2,Moderate,9,Moderate,Normal,Acne
20,Male,Normal,Low,None,No,Occasionally,Moderate,Mild,Few,Low,5,Low,4,High,Oily,Rosacea
37,Female,Tight,Moderate,Few,No,Occasionally,Low,Severe,Noticeable,Moderate,2,High,7,High,Dry,Aging
36,Other,Oily,Moderate,Few,No,Rarely,Moderate,Severe,Noticeable,High,1,High,9,Low,Sensitive,Rosacea
44,Female,Normal,Moderate,Several,No,Rarely,Low,Mild,None,High,2,Moderate,5,Moderate,Normal,Aging
45,Other,Oily,Low,Several,Yes,Rarely,Low,None,None,Low,8,High,4,Low,Oily,Hyperpigmentation
26,Non-binary,Tight,Moderate,None,Yes,Rarely,Low,Mild,None,Low,11,Low,8,Moderate,Dry,None
46,Male,Normal,High,Few,No,Rarely,High,Severe,None,Low,2,Low,6,Low,Normal,Eczema
59,Other,Oily,Low,None,Yes,Occasionally,Low,Severe,Few,Low,10,Moderate,9,High,Combination,Hyperpigmentation
32,Other,Normal,Moderate,Several,Yes,Frequently,High,None,Few,High,12,Low,4,Low,Sensitive,Hyperpigmentation
43,Non-binary,Tight,Moderate,None,No,Occasionally,Low,None,Noticeable,Low,11,Low,6,High,Combination,Aging
46,Female,Tight,High,Few,No,Occasionally,Low,None,Few,High,3,Low,7,High,Sensitive,Rosacea
22,Female,Oily,Moderate,Several,Yes,Frequently,Low,None,None,Moderate,11,Low,10,Low,Dry,Rosacea
48,Other,Tight,Low,Few,No,Frequently,Low,Mild,None,Moderate,11,Moderate,8,High,Oily,Hyperpigmentation
27,Other,Oily,Low,Several,Yes,Rarely,Low,Mild,None,Low,3,Low,5,High,Oily,Rosacea
18,Female,Tight,Low,Several,Yes,Rarely,High,Severe,Noticeable,Low,12,High,10,Low,Oily,Eczema
49,Other,Normal,High,None,No,Occasionally,Moderate,Mild,None,Moderate,4,Moderate,5,Moderate,Normal,Eczema
51,Non-binary,Tight,Moderate,Few,No,Frequently,Low,Mild,Few,Moderate,1,High,5,Moderate,Dry,Eczema
21,Other,Tight,High,None,No,Frequently,High,Mild,Noticeable,High,6,Moderate,4,Moderate,Combination,None
47,Other,Normal,Low,Several,Yes,Rarely,Low,None,Few,High,6,Low,6,High,Oily,Hyperpigmentation
42,Female,Oily,High,None,Yes,Frequently,Moderate,Mild,Noticeable,Moderate,12,Low,9,Moderate,Oily,Rosacea
35,Male,Tight,Low,Several,Yes,Rarely,Moderate,Mild,None,Moderate,10,Moderate,9,Moderate,Dry,None
22,Female,Tight,Low,Several,No,Occasionally,Moderate,None,None,Moderate,10,Moderate,4,Low,Combination,Aging
24,Female,Tight,Moderate,None,Yes,Occasionally,Low,Severe,Few,Low,7,Moderate,5,Moderate,Sensitive,Hyperpigmentation
31,Female,Oily,Moderate,Several,Yes,Rarely,Low,Mild,Few,Low,10,Low,9,Moderate,Normal,Aging
38,Male,Oily,Moderate,None,Yes,Frequently,Low,Mild,None,Low,5,High,4,High,Normal,Eczema
48,Other,Tight,Moderate,Several,No,Frequently,Moderate,None,None,Moderate,8,Low,7,Moderate,Oily,Aging
54,Female,Tight,Moderate,None,Yes,Rarely,High,Severe,Few,Moderate,4,High,6,Moderate,Sensitive,Acne
56,Female,Oily,Moderate,Several,No,Occasionally,High,Severe,None,High,5,High,7,High,Normal,Rosacea
26,Non-binary,Tight,Moderate,None,Yes,Frequently,Moderate,Mild,Noticeable,High,2,Low,9,High,Normal,Hyperpigmentation
34,Non-binary,Tight,Moderate,None,No,Occasionally,High,None,Few,High,5,High,7,High,Combination,Aging
23,Male,Normal,Moderate,None,No,Occasionally,Moderate,Severe,Noticeable,High,1,High,7,Moderate,Dry,Eczema
50,Male,Normal,Low,Several,Yes,Frequently,Low,None,Few,Low,7,High,4,High,Dry,Rosacea
43,Male,Tight,High,None,No,Occasionally,Low,Mild,Noticeable,Low,4,Moderate,4,Low,Combination,None
46,Other,Tight,High,Several,No,Rarely,High,Mild,Few,Low,4,High,4,Low,Combination,Rosacea
60,Non-binary,Oily,Low,Several,Yes,Frequently,Moderate,None,None,Moderate,3,High,4,Moderate,Normal,Eczema
41,Other,Oily,Moderate,Several,No,Occasionally,Low,Severe,None,Low,1,Moderate,5,High,Oily,None
38,Female,Oily,Low,None,No,Frequently,High,None,None,Moderate,4,Low,5,Moderate,Normal,Rosacea
34,Non-binary,Oily,Moderate,Several,No,Frequently,Low,Severe,Noticeable,High,7,Moderate,9,Moderate,Dry,Acne
41,Other,Normal,Moderate,Several,No,Occasionally,High,None,Few,Moderate,3,High,6,Low,Dry,Rosacea
54,Female,Tight,Moderate,Several,Yes,Rarely,High,Mild,Noticeable,Low,6,High,7,High,Combination,Rosacea
25,Male,Tight,Moderate,None,Yes,Frequently,High,None,Few,Low,7,Low,4,High,Dry,Eczema
19,Non-binary,Tight,Low,Few,Yes,Rarely,Moderate,None,None,Low,4,High,8,High,Combination,Rosacea
28,Male,Tight,Low,Several,Yes,Frequently,Low,Severe,Noticeable,High,5,Moderate,5,Low,Oily,Aging
43,Other,Tight,High,Few,No,Rarely,High,None,Few,Low,6,Low,9,Low,Sensitive,Hyperpigmentation
27,Non-binary,Oily,Low,Few,Yes,Rarely,Moderate,None,Few,High,4,Moderate,7,Moderate,Normal,Eczema
25,Female,Oily,Low,Several,No,Occasionally,High,Severe,None,High,11,Moderate,5,Moderate,Oily,Rosacea
22,Male,Tight,Low,Several,Yes,Rarely,Low,Severe,None,High,4,Low,4,High,Dry,Rosacea
26,Non-binary,Normal,Moderate,Several,Yes,Occasionally,Low,None,Noticeable,Low,7,High,7,Moderate,Combination,Hyperpigmentation
60,Male,Oily,High,None,No,Rarely,Low,None,Noticeable,High,11,High,4,High,Combination,None
56,Male,Normal,Moderate,Several,Yes,Occasionally,Low,Severe,Noticeable,Moderate,8,Low,10,Low,Combination,Aging
39,Female,Normal,High,Several,Yes,Rarely,High,Severe,Few,High,11,High,4,Moderate,Sensitive,Eczema
26,Female,Oily,High,Several,No,Rarely,Moderate,Mild,None,Moderate,1,Low,7,Low,Combination,Eczema
19,Non-binary,Normal,High,None,Yes,Occasionally,High,None,None,Moderate,1,Moderate,10,Moderate,Combination,Hyperpigmentation
26,Female,Tight,Low,Several,No,Frequently,Low,Mild,None,Moderate,12,Moderate,9,Low,Combination,None
58,Non-binary,Oily,Low,Several,Yes,Frequently,Moderate,Severe,Few,Low,3,Low,5,High,Normal,Aging
25,Non-binary,Tight,High,Several,No,Occasionally,Low,Severe,None,Moderate,12,Moderate,9,Moderate,Sensitive,Eczema
35,Female,Tight,Low,None,No,Frequently,High,None,Noticeable,Moderate,4,High,5,High,Dry,Hyperpigmentation
39,Non-binary,Tight,Moderate,Few,Yes,Occasionally,Low,None,Noticeable,High,4,High,10,High,Dry,Acne
53,Male,Tight,Moderate,None,Yes,Frequently,Low,None,None,Low,11,High,4,Moderate,Normal,Eczema
31,Male,Oily,High,Few,No,Rarely,Low,Mild,Few,High,3,Moderate,10,High,Sensitive,Acne
39,Male,Tight,High,Few,Yes,Rarely,Low,Severe,Noticeable,Low,12,Low,6,Low,Sensitive,None
36,Non-binary,Oily,High,Few,No,Rarely,Moderate,Mild,Few,Moderate,3,Low,5,Low,Sensitive,Hyperpigmentation
55,Other,Oily,High,Several,Yes,Frequently,Low,None,None,High,6,High,8,Low,Sensitive,Acne
41,Female,Normal,Moderate,Several,Yes,Occasionally,Low,None,None,High,7,Moderate,7,Moderate,Combination,None
52,Male,Oily,High,Few,Yes,Frequently,High,None,Few,High,2,High,5,Moderate,Dry,Eczema
31,Male,Normal,Moderate,None,Yes,Rarely,High,Severe,Noticeable,Moderate,5,Moderate,4,Low,Combination,None
53,Other,Tight,Low,Few,No,Rarely,High,Severe,Few,Moderate,4,Moderate,7,Moderate,Combination,Eczema
32,Non-binary,Tight,High,None,Yes,Occasionally,Moderate,Mild,Noticeable,High,7,Low,4,High,Sensitive,Aging
20,Non-binary,Tight,Moderate,Few,Yes,Rarely,Low,None,None,High,5,High,7,Low,Normal,None
48,Male,Tight,Moderate,Several,No,Occasionally,Low,Severe,Few,Low,1,Low,4,Low,Oily,Aging
43,Non-binary,Normal,Moderate,Few,Yes,Rarely,Moderate,None,None,High,11,Low,10,High,Combination,Hyperpigmentation
46,Non-binary,Normal,High,None,No,Rarely,Moderate,Severe,Few,Low,8,Moderate,5,Low,Dry,Acne
24,Female,Normal,Low,Several,No,Occasionally,Low,Mild,Few,High,7,Moderate,4,High,Combination,Rosacea
51,Non-binary,Normal,Low,Several,No,Frequently,Moderate,Mild,Few,Moderate,8,Moderate,10,High,Oily,Rosacea
60,Male,Oily,Moderate,Several,Yes,Frequently,Low,None,Noticeable,High,12,Low,9,High,Combination,Rosacea
54,Non-binary,Normal,Moderate,None,No,Occasionally,High,Mild,Few,Moderate,5,High,4,Moderate,Oily,Eczema
33,Male,Normal,High,Few,No,Rarely,Low,Mild,None,High,7,High,6,High,Combination,Eczema
25,Non-binary,Tight,Low,None,No,Occasionally,Moderate,None,Noticeable,High,8,Low,9,Low,Combination,Acne
20,Male,Oily,High,Several,Yes,Frequently,Low,None,Few,High,10,Low,5,Low,Combination,Aging
30,Male,Tight,High,None,Yes,Rarely,High,Mild,Few,Moderate,4,Low,10,High,Normal,Eczema
46,Female,Oily,Low,None,Yes,Rarely,Moderate,None,Few,High,5,High,4,High,Combination,Rosacea
51,Female,Normal,High,Few,Yes,Rarely,High,Mild,Noticeable,Moderate,7,High,4,High,Dry,Aging
42,Other,Oily,Low,Several,Yes,Frequently,Moderate,None,Noticeable,Moderate,1,High,6,High,Sensitive,Hyperpigmentation
47,Non-binary,Oily,Low,Several,Yes,Rarely,Moderate,Severe,None,High,5,Moderate,5,High,Combination,Acne
18,Male,Normal,Low,Several,No,Frequently,Low,None,None,Moderate,5,High,8,Moderate,Normal,None
43,Male,Oily,High,Several,Yes,Frequently,Moderate,Severe,Few,Low,6,Low,5,Low,Dry,Rosacea
42,Female,Oily,High,Few,No,Occasionally,High,Mild,Few,Low,12,Low,10,Moderate,Combination,Eczema
41,Female,Oily,High,None,No,Rarely,Low,Severe,Few,Moderate,8,Moderate,9,High,Dry,Rosacea
45,Other,Oily,Moderate,None,No,Occasionally,Low,None,Noticeable,Low,4,Low,8,Low,Normal,Rosacea
23,Non-binary,Oily,High,None,Yes,Occasionally,High,Severe,Noticeable,Low,4,Moderate,8,Moderate,Normal,Eczema
18,Other,Tight,Low,Few,No,Occasionally,High,Severe,None,Moderate,3,Low,4,Moderate,Sensitive,Eczema
53,Non-binary,Oily,High,Few,No,Frequently,High,Mild,None,Moderate,6,High,5,Low,Sensitive,Hyperpigmentation
59,Female,Normal,Low,Several,No,Frequently,Moderate,None,Few,Low,7,Low,5,Low,Sensitive,Rosacea
53,Female,Normal,High,None,No,Rarely,High,Mild,Few,High,4,Moderate,7,High,Combination,Hyperpigmentation
42,Non-binary,Normal,Moderate,Several,No,Occasionally,Moderate,Mild,Noticeable,High,3,Low,8,High,Combination,Eczema
48,Female,Oily,Moderate,Several,No,Occasionally,Low,Severe,None,Low,10,Moderate,10,Low,Oily,None
38,Non-binary,Oily,Moderate,Several,No,Frequently,Moderate,None,None,High,1,Low,5,Low,Dry,Aging
34,Male,Tight,Moderate,None,No,Occasionally,Moderate,None,Few,Moderate,3,High,9,High,Dry,Rosacea
51,Other,Oily,Moderate,None,Yes,Rarely,Moderate,None,None,Moderate,12,High,7,High,Oily,None
26,Non-binary,Oily,Moderate,Few,No,Occasionally,Moderate,None,Noticeable,Low,5,Low,7,High,Sensitive,Acne
58,Female,Tight,Moderate,Few,No,Occasionally,High,Severe,None,High,2,High,7,Low,Combination,Rosacea
26,Female,Tight,High,Several,Yes,Frequently,High,Severe,None,Low,1,Low,8,High,Normal,Aging
48,Male,Normal,High,None,Yes,Rarely,High,Mild,Few,High,8,Low,9,Low,Combination,Acne
22,Other,Normal,High,Several,Yes,Occasionally,Moderate,Mild,Noticeable,High,3,Moderate,4,Moderate,Combination,Acne
46,Male,Normal,Moderate,None,Yes,Occasionally,Low,None,Noticeable,Low,9,High,4,High,Combination,Eczema
37,Non-binary,Tight,High,Several,Yes,Rarely,High,Severe,Noticeable,Moderate,12,Moderate,8,Moderate,Sensitive,Acne
56,Non-binary,Oily,Moderate,None,Yes,Occasionally,Moderate,None,Few,Moderate,9,Moderate,9,High,Combination,None
50,Male,Tight,High,Several,Yes,Occasionally,High,Severe,Noticeable,Low,6,High,8,Moderate,Oily,Eczema
58,Non-binary,Normal,High,Several,No,Frequently,Moderate,None,Noticeable,High,4,Low,10,Low,Dry,Eczema
32,Non-binary,Oily,Low,Few,Yes,Occasionally,Moderate,None,Few,Low,7,Low,7,High,Normal,Rosacea
37,Non-binary,Normal,High,Few,No,Occasionally,Low,Severe,Few,Low,5,Low,5,Moderate,Normal,None
18,Non-binary,Tight,Low,None,No,Rarely,Moderate,Severe,None,High,10,Low,6,Moderate,Oily,Eczema
30,Other,Tight,Moderate,Several,No,Rarely,Moderate,Mild,None,High,3,High,7,Low,Dry,Acne
20,Female,Oily,High,Several,No,Frequently,Low,Mild,None,High,11,High,7,High,Oily,None
52,Non-binary,Normal,High,Few,No,Frequently,High,None,Few,Low,12,High,5,High,Dry,Hyperpigmentation
30,Female,Normal,Moderate,Few,Yes,Rarely,High,Mild,None,Low,5,Low,8,Low,Oily,Aging
47,Non-binary,Tight,Moderate,Several,Yes,Occasionally,Low,Mild,Few,Moderate,8,Low,5,Moderate,Dry,Hyperpigmentation
53,Non-binary,Normal,Moderate,Several,Yes,Occasionally,Low,Severe,Noticeable,Low,11,High,9,Low,Oily,Acne
55,Male,Normal,Low,None,Yes,Rarely,Moderate,Mild,Few,Moderate,11,High,5,High,Normal,Aging
60,Other,Oily,Low,Several,Yes,Occasionally,Moderate,Mild,Few,Moderate,12,Moderate,10,Moderate,Dry,Acne
49,Female,Normal,Moderate,None,Yes,Frequently,Low,Mild,Noticeable,Low,2,High,6,Low,Dry,Hyperpigmentation
38,Female,Oily,High,None,Yes,Occasionally,Low,None,None,Low,10,Low,9,High,Normal,Hyperpigmentation
41,Non-binary,Oily,Moderate,Several,No,Rarely,High,Severe,None,Low,9,Low,7,Moderate,Combination,Hyperpigmentation
56,Female,Oily,Low,None,Yes,Occasionally,High,None,Noticeable,Low,4,Moderate,4,High,Combination,Rosacea
31,Non-binary,Tight,High,None,No,Rarely,High,None,None,High,1,Moderate,5,Low,Combination,Rosacea
58,Non-binary,Normal,High,Few,Yes,Frequently,Moderate,Severe,Few,Moderate,6,Low,9,Low,Normal,Eczema
26,Non-binary,Tight,High,None,No,Frequently,Moderate,None,None,Moderate,3,High,9,Low,Oily,Rosacea
40,Other,Oily,Moderate,Several,Yes,Rarely,High,Severe,Noticeable,Low,8,High,5,Low,Combination,Hyperpigmentation
22,Other,Tight,Moderate,Few,Yes,Frequently,Low,None,Noticeable,High,10,High,10,Low,Sensitive,Aging
19,Male,Normal,Low,Several,No,Frequently,Low,Severe,None,Moderate,2,Low,10,High,Oily,Eczema
44,Male,Oily,High,None,No,Frequently,Moderate,None,None,Moderate,10,Moderate,5,Moderate,Oily,Acne
58,Other,Oily,Moderate,Few,Yes,Rarely,Moderate,Severe,Noticeable,High,8,Moderate,10,High,Sensitive,None
42,Non-binary,Oily,Moderate,Few,Yes,Frequently,Low,Severe,Few,Low,12,Moderate,8,High,Combination,Rosacea
34,Female,Oily,Moderate,None,Yes,Occasionally,High,Severe,None,Moderate,7,Moderate,7,Moderate,Oily,Acne
47,Female,Oily,Low,Several,Yes,Rarely,Moderate,Mild,Noticeable,High,4,Low,10,High,Sensitive,Acne
27,Other,Normal,Low,Several,Yes,Rarely,Low,Severe,None,Moderate,7,Low,4,Moderate,Combination,Aging
30,Non-binary,Oily,Moderate,Several,No,Rarely,Moderate,Severe,Noticeable,High,8,High,10,Low,Combination,Acne
41,Other,Tight,Moderate,Few,No,Occasionally,High,Severe,Noticeable,Moderate,8,Low,6,Low,Combination,Acne
27,Other,Normal,Moderate,None,No,Occasionally,High,Mild,None,High,11,High,10,Moderate,Normal,None
60,Other,Normal,Low,None,Yes,Occasionally,Low,Mild,Noticeable,Moderate,12,Moderate,4,Moderate,Normal,Rosacea
56,Female,Tight,High,Several,Yes,Rarely,High,None,None,High,4,High,9,High,Dry,None
26,Female,Oily,Moderate,None,No,Occasionally,High,Mild,None,Moderate,12,Low,8,High,Dry,Rosacea
31,Non-binary,Tight,Moderate,Several,No,Rarely,Moderate,Mild,Few,High,6,Moderate,5,High,Sensitive,Hyperpigmentation
40,Female,Normal,High,Few,Yes,Frequently,Moderate,Mild,Noticeable,Low,3,Moderate,10,Low,Oily,Acne
31,Non-binary,Tight,Moderate,Few,Yes,Occasionally,High,None,Few,High,4,Moderate,5,Low,Oily,Hyperpigmentation
51,Non-binary,Oily,Low,Several,Yes,Frequently,Low,Mild,None,Low,12,Moderate,6,Moderate,Combination,Acne
29,Female,Oily,Low,None,Yes,Rarely,High,Mild,Few,Moderate,2,High,7,Moderate,Sensitive,Aging
57,Other,Normal,Low,Few,Yes,Frequently,High,Mild,Few,Low,7,High,5,High,Combination,Aging
43,Female,Oily,High,None,Yes,Occasionally,Moderate,Mild,Few,High,7,Low,7,Moderate,Combination,None
43,Female,Tight,High,None,Yes,Frequently,High,None,Noticeable,Low,2,High,8,High,Oily,Eczema
18,Other,Normal,High,None,Yes,Frequently,Moderate,Mild,None,High,10,High,4,Moderate,Dry,Hyperpigmentation
26,Other,Tight,Low,None,Yes,Rarely,Low,Mild,Noticeable,High,2,Moderate,9,High,Sensitive,Hyperpigmentation
24,Female,Oily,Low,None,Yes,Occasionally,Moderate,None,Few,Moderate,9,High,8,Low,Sensitive,Rosacea
48,Male,Normal,Low,Several,Yes,Frequently,Low,Mild,Noticeable,High,10,High,5,High,Normal,Hyperpigmentation
56,Other,Tight,High,Several,Yes,Occasionally,Low,Severe,Noticeable,Moderate,8,High,8,Low,Normal,Eczema
23,Other,Tight,Moderate,Several,No,Rarely,High,Mild,Few,High,12,Moderate,7,Low,Sensitive,Aging
18,Non-binary,Normal,Moderate,None,Yes,Frequently,High,None,Noticeable,Moderate,4,High,8,High,Oily,Rosacea
49,Non-binary,Oily,Moderate,None,No,Rarely,Moderate,None,Few,Low,10,Low,9,High,Oily,None
47,Female,Tight,High,None,No,Rarely,High,None,Noticeable,High,6,High,10,Moderate,Dry,Aging
54,Female,Normal,Moderate,None,No,Frequently,Moderate,None,Noticeable,High,9,Moderate,6,Low,Combination,Rosacea
32,Other,Oily,High,None,No,Rarely,Moderate,Mild,None,Moderate,7,High,9,Low,Normal,Eczema
22,Other,Tight,Moderate,Few,No,Rarely,High,Mild,Few,Moderate,9,Moderate,7,Moderate,Normal,None
49,Non-binary,Tight,Low,None,No,Rarely,High,Severe,Noticeable,Low,6,Low,7,Moderate,Normal,Acne
40,Female,Oily,Low,None,Yes,Frequently,Moderate,None,Few,Moderate,2,Low,10,Low,Normal,None
47,Male,Normal,Low,Several,No,Occasionally,High,Mild,Few,High,3,Moderate,6,Low,Combination,Hyperpigmentation
57,Non-binary,Tight,High,None,Yes,Frequently,High,Mild,Noticeable,High,9,Moderate,8,High,Normal,Aging
36,Male,Normal,High,Several,No,Occasionally,Moderate,None,None,Low,2,Moderate,8,Moderate,Normal,Aging
33,Non-binary,Tight,High,None,No,Frequently,Moderate,Severe,None,High,8,High,6,Low,Combination,Rosacea
42,Female,Oily,Low,Few,No,Frequently,Moderate,None,Noticeable,Low,5,Low,4,Moderate,Oily,None
24,Male,Tight,High,Several,No,Occasionally,Low,Mild,None,High,5,Moderate,7,Moderate,Sensitive,Rosacea
49,Female,Tight,Moderate,Few,No,Frequently,Low,None,None,High,10,Moderate,5,Moderate,Dry,Acne
41,Other,Tight,Moderate,Several,No,Occasionally,Moderate,Severe,None,Moderate,3,Low,4,Moderate,Dry,Aging
35,Other,Oily,High,None,Yes,Occasionally,High,Mild,Noticeable,High,10,Moderate,7,Moderate,Normal,Hyperpigmentation
37,Male,Tight,Low,Few,Yes,Occasionally,Moderate,Mild,Few,High,5,Moderate,8,Moderate,Normal,Eczema
37,Male,Oily,High,Few,Yes,Frequently,High,None,Few,High,5,Moderate,6,High,Combination,Acne
47,Male,Normal,Moderate,Several,Yes,Rarely,Low,None,Few,High,4,High,5,High,Dry,Aging
50,Male,Oily,High,None,Yes,Rarely,Moderate,Mild,None,Moderate,9,Low,4,High,Sensitive,Aging
56,Female,Oily,Moderate,Few,No,Frequently,Moderate,None,Few,High,3,Moderate,8,Low,Normal,Acne
49,Non-binary,Oily,High,None,No,Rarely,Low,Severe,Few,Moderate,1,Low,5,Moderate,Dry,Acne
26,Female,Normal,High,Several,Yes,Occasionally,Low,Severe,Few,Low,11,High,5,Moderate,Oily,None
57,Female,Oily,Moderate,None,Yes,Rarely,Low,None,None,High,11,Low,4,Low,Oily,Aging
18,Male,Normal,Low,Few,Yes,Rarely,Low,Severe,None,High,5,Low,9,Moderate,Dry,None
36,Other,Normal,Moderate,Several,Yes,Frequently,Low,Mild,None,Moderate,1,Moderate,10,High,Sensitive,Acne
35,Non-binary,Oily,Moderate,Few,No,Rarely,High,Mild,None,Low,4,High,10,Low,Dry,Hyperpigmentation
25,Other,Oily,Moderate,Several,No,Occasionally,High,Mild,Noticeable,High,11,Low,10,Low,Sensitive,Hyperpigmentation
45,Female,Oily,Moderate,Several,Yes,Occasionally,Low,Mild,None,Moderate,9,Moderate,10,High,Combination,Eczema
35,Male,Tight,High,Few,Yes,Occasionally,High,Severe,Few,High,9,Low,9,Low,Combination,Rosacea
37,Non-binary,Oily,Low,Several,No,Rarely,Low,Severe,Noticeable,Moderate,12,Moderate,9,Moderate,Oily,Eczema
31,Male,Oily,High,Few,No,Frequently,Moderate,None,Few,Moderate,2,High,5,High,Dry,Rosacea
32,Other,Normal,Moderate,Several,Yes,Frequently,High,Severe,Few,High,12,High,7,Low,Sensitive,Rosacea
34,Male,Oily,Low,None,No,Frequently,Low,None,Noticeable,Moderate,2,Moderate,9,Low,Normal,None
28,Non-binary,Tight,High,Several,Yes,Rarely,High,Severe,None,Moderate,11,Moderate,9,High,Oily,Acne
31,Male,Oily,Moderate,Few,Yes,Occasionally,Low,None,Few,Moderate,9,High,7,Moderate,Normal,Rosacea
48,Non-binary,Normal,High,None,Yes,Occasionally,High,None,Few,Low,11,High,4,High,Oily,Eczema
41,Male,Tight,Moderate,None,Yes,Rarely,Low,None,Few,High,7,Moderate,7,Moderate,Sensitive,Rosacea
58,Female,Oily,Moderate,None,No,Rarely,Low,None,Noticeable,Moderate,5,High,10,Low,Dry,Aging
59,Other,Oily,High,Few,Yes,Occasionally,Moderate,Severe,Noticeable,Moderate,3,Moderate,8,Low,Combination,None
34,Non-binary,Oily,High,Several,No,Rarely,Moderate,Severe,Few,High,5,Moderate,6,Low,Normal,Aging
36,Female,Normal,Moderate,Few,Yes,Rarely,High,Severe,Few,High,4,Low,4,High,Normal,Eczema
21,Other,Oily,Low,None,Yes,Occasionally,Low,Severe,Noticeable,High,11,High,5,Moderate,Combination,Acne
50,Female,Tight,Moderate,Several,Yes,Rarely,Low,None,Few,High,2,Low,4,High,Combination,Acne
34,Non-binary,Tight,Moderate,Several,No,Occasionally,Moderate,Severe,Few,Moderate,9,High,6,Moderate,Combination,Eczema
34,Female,Tight,Moderate,Few,Yes,Rarely,Low,Severe,Few,Moderate,8,Low,9,High,Normal,None
30,Other,Oily,Low,Several,No,Occasionally,High,None,None,Low,10,High,4,High,Combination,Eczema
26,Male,Oily,Moderate,None,Yes,Frequently,Moderate,Severe,None,High,11,High,4,Moderate,Dry,Rosacea
46,Male,Normal,High,None,Yes,Frequently,High,None,Noticeable,Moderate,6,Moderate,5,High,Oily,Hyperpigmentation
48,Other,Tight,Moderate,None,Yes,Frequently,High,Severe,None,Moderate,5,Moderate,9,High,Normal,Eczema
19,Non-binary,Normal,Moderate,Few,Yes,Frequently,Low,Mild,Noticeable,Low,11,High,6,Low,Combination,Rosacea
45,Other,Oily,Moderate,Several,Yes,Frequently,Moderate,Severe,Noticeable,Moderate,1,Moderate,5,High,Sensitive,None
49,Male,Oily,Low,Few,Yes,Frequently,Moderate,Severe,None,Moderate,8,High,9,Low,Oily,Rosacea
24,Female,Tight,Moderate,Few,No,Rarely,Moderate,None,Noticeable,Low,1,High,8,Low,Sensitive,Acne
30,Female,Normal,Moderate,Few,No,Frequently,Low,Mild,Noticeable,High,3,High,8,Moderate,Combination,Eczema
33,Non-binary,Normal,High,Few,Yes,Frequently,Low,Severe,Noticeable,Moderate,1,High,6,Low,Normal,Acne
43,Male,Oily,Low,None,Yes,Frequently,Low,Severe,None,High,7,Moderate,8,Moderate,Oily,Hyperpigmentation
40,Non-binary,Normal,High,None,Yes,Occasionally,Low,Mild,Few,High,3,Low,5,Moderate,Oily,Eczema
60,Other,Tight,Low,Several,No,Frequently,High,None,Noticeable,Low,8,Moderate,10,Low,Combination,Hyperpigmentation
33,Non-binary,Normal,Moderate,None,Yes,Occasionally,High,Severe,Few,Moderate,6,High,7,Moderate,Dry,Eczema
44,Female,Oily,High,None,Yes,Occasionally,Low,Mild,None,Low,2,Low,4,Moderate,Normal,None
23,Other,Tight,Moderate,None,No,Rarely,Low,Severe,None,Moderate,1,Low,6,Low,Oily,Acne
22,Male,Tight,Low,None,Yes,Frequently,High,Severe,Noticeable,High,10,Moderate,6,Low,Normal,Eczema
35,Female,Tight,Low,Few,No,Frequently,Low,Severe,Few,Low,8,Moderate,6,Low,Combination,Hyperpigmentation
41,Other,Oily,Moderate,Few,No,Rarely,High,None,Noticeable,Low,9,High,4,High,Sensitive,Rosacea
47,Other,Normal,Moderate,Several,Yes,Frequently,Low,None,Few,High,8,Moderate,5,Moderate,Sensitive,Eczema
28,Female,Tight,Moderate,Few,No,Rarely,High,Severe,None,Moderate,1,High,8,Low,Dry,Aging
57,Male,Normal,High,None,No,Occasionally,Low,None,Noticeable,Low,2,Moderate,9,Moderate,Dry,Aging
21,Other,Normal,Moderate,Few,Yes,Frequently,Low,Mild,None,Low,9,Low,9,High,Combination,Hyperpigmentation
36,Male,Oily,Low,None,No,Occasionally,Moderate,None,Noticeable,Low,10,High,5,High,Combination,Acne
31,Male,Normal,Low,Several,No,Frequently,Moderate,None,Noticeable,High,2,Low,6,Low,Normal,Aging
18,Male,Oily,High,None,No,Frequently,Moderate,Severe,Noticeable,Low,1,Low,7,High,Sensitive,None
19,Non-binary,Oily,Moderate,Few,Yes,Occasionally,Low,None,Few,High,8,High,7,Low,Oily,Acne
49,Male,Tight,Low,None,Yes,Frequently,Moderate,Mild,Few,Moderate,12,High,4,Moderate,Combination,Acne
25,Other,Normal,Low,Few,No,Frequently,High,None,Noticeable,High,3,Low,7,High,Sensitive,Hyperpigmentation
31,Other,Tight,Moderate,Few,No,Occasionally,High,Mild,None,Low,1,Moderate,8,Low,Combination,Aging
26,Female,Tight,Low,Few,Yes,Frequently,Moderate,None,Few,Low,10,Moderate,7,Moderate,Combination,Rosacea
46,Male,Normal,Low,Several,Yes,Frequently,High,Mild,Few,Low,3,High,7,High,Dry,Aging
28,Other,Normal,Moderate,Several,No,Occasionally,Low,None,Noticeable,Low,7,Moderate,7,High,Oily,None
34,Other,Normal,Low,Several,Yes,Rarely,Low,None,Noticeable,Low,10,Low,4,Moderate,Oily,Eczema
35,Female,Tight,Moderate,Few,No,Occasionally,High,Severe,Few,High,11,Moderate,4,Low,Combination,Acne
30,Non-binary,Normal,Low,None,Yes,Occasionally,Low,Mild,Noticeable,Moderate,6,High,10,High,Sensitive,Aging
28,Female,Tight,Low,Few,No,Occasionally,Low,Severe,Noticeable,Moderate,7,Low,7,Low,Sensitive,Eczema
24,Female,Normal,Moderate,None,Yes,Frequently,Moderate,Mild,Noticeable,Moderate,2,Low,7,Moderate,Oily,Hyperpigmentation
32,Female,Tight,High,Few,No,Rarely,Moderate,None,None,High,3,High,10,High,Sensitive,Eczema
33,Female,Tight,Low,None,No,Occasionally,High,Mild,Few,Moderate,8,Moderate,4,Low,Dry,Hyperpigmentation
46,Non-binary,Tight,Low,Few,No,Occasionally,Moderate,Mild,Noticeable,High,10,Low,10,High,Combination,Rosacea
58,Non-binary,Tight,High,None,Yes,Occasionally,Moderate,Mild,Noticeable,High,2,Moderate,5,High,Dry,Hyperpigmentation
36,Other,Oily,High,Few,Yes,Occasionally,High,Severe,None,High,1,Low,7,Moderate,Normal,Aging
31,Male,Tight,Moderate,Few,No,Occasionally,High,Mild,Few,High,3,Low,8,Moderate,Combination,Hyperpigmentation
59,Other,Oily,High,Few,No,Rarely,Low,None,None,Moderate,1,Moderate,9,Moderate,Dry,None
26,Non-binary,Normal,High,None,No,Rarely,Moderate,None,Few,High,7,High,9,High,Normal,None
58,Female,Tight,High,None,No,Rarely,High,None,Few,Low,12,Low,9,High,Normal,None
49,Female,Normal,Low,Several,Yes,Frequently,Low,Mild,None,High,10,Low,10,Moderate,Sensitive,Eczema
36,Male,Normal,Moderate,Few,Yes,Rarely,Moderate,None,Few,High,7,Moderate,4,Low,Sensitive,Eczema
34,Non-binary,Normal,Low,None,Yes,Frequently,Low,None,Few,Low,2,Low,10,Moderate,Sensitive,Rosacea
51,Female,Oily,Low,Few,No,Frequently,Low,Mild,None,Low,2,High,8,Low,Oily,Hyperpigmentation
18,Other,Oily,High,Several,No,Frequently,Low,None,None,Low,6,Low,5,High,Combination,Aging
31,Other,Tight,Moderate,None,No,Occasionally,High,None,Noticeable,Low,3,Moderate,5,Moderate,Combination,Aging
46,Other,Oily,Low,Several,Yes,Frequently,High,None,None,Moderate,1,Moderate,6,High,Combination,None
26,Female,Oily,Low,Few,Yes,Occasionally,High,Severe,Few,Low,10,Low,5,Low,Combination,Aging
23,Other,Tight,Low,None,No,Frequently,Moderate,Mild,None,High,12,High,10,Low,Dry,Eczema
34,Other,Oily,Moderate,Several,Yes,Rarely,Low,None,Few,Low,12,Moderate,6,Low,Oily,Eczema
21,Non-binary,Normal,Moderate,Several,Yes,Frequently,Moderate,Severe,Noticeable,High,4,Low,9,Moderate,Sensitive,None
20,Non-binary,Oily,Moderate,Several,No,Occasionally,Moderate,Severe,None,High,1,Low,10,Low,Sensitive,Hyperpigmentation
59,Other,Oily,Low,Several,No,Frequently,Low,None,None,High,6,Low,7,High,Oily,Aging
42,Male,Normal,Moderate,Several,Yes,Rarely,High,None,Noticeable,High,2,High,4,High,Sensitive,Aging
39,Male,Normal,Low,Few,No,Rarely,Low,Mild,Few,High,10,Moderate,10,Low,Sensitive,Hyperpigmentation
24,Female,Oily,Moderate,Few,Yes,Occasionally,High,Severe,Few,Low,10,Moderate,4,Low,Dry,Rosacea
30,Non-binary,Normal,Moderate,None,Yes,Rarely,Low,Severe,None,High,9,High,5,Low,Oily,Aging
21,Female,Normal,High,Few,No,Rarely,Low,None,Few,High,1,Low,5,High,Normal,Acne
34,Male,Oily,Low,Few,Yes,Frequently,Moderate,Severe,Noticeable,High,9,Low,8,Moderate,Normal,Eczema
23,Female,Oily,High,Several,No,Frequently,High,Mild,None,High,11,Moderate,8,Moderate,Sensitive,Eczema
39,Other,Normal,Low,None,No,Frequently,Low,Severe,Noticeable,High,6,High,4,High,Oily,Eczema
25,Other,Oily,Low,None,Yes,Frequently,Moderate,Mild,Few,Low,5,High,10,Moderate,Dry,Hyperpigmentation
36,Non-binary,Tight,High,None,Yes,Frequently,Low,Mild,Few,Low,10,Low,5,High,Oily,Aging
45,Other,Oily,High,Few,No,Occasionally,Low,None,Noticeable,High,2,Low,8,High,Dry,Acne
24,Other,Normal,Moderate,Several,Yes,Rarely,Low,Mild,Noticeable,Low,6,High,9,Low,Oily,Rosacea
58,Non-binary,Tight,High,None,No,Occasionally,Moderate,Severe,None,Moderate,2,High,5,Moderate,Oily,Hyperpigmentation
27,Female,Normal,High,Several,No,Occasionally,Low,Mild,Few,High,12,Moderate,8,Low,Dry,Acne
38,Non-binary,Tight,High,Several,Yes,Occasionally,Low,None,None,High,4,Moderate,8,Low,Normal,Hyperpigmentation
53,Male,Oily,Low,Few,Yes,Rarely,Moderate,Severe,None,High,8,Moderate,6,High,Sensitive,Acne
51,Male,Oily,High,Several,Yes,Occasionally,High,Mild,None,Moderate,1,Moderate,7,Moderate,Sensitive,Acne
23,Male,Normal,Low,Few,Yes,Frequently,Low,None,None,High,8,Low,5,High,Sensitive,Hyperpigmentation
23,Male,Oily,Moderate,None,No,Frequently,Low,Severe,Noticeable,High,5,High,9,Moderate,Sensitive,Aging
47,Non-binary,Oily,High,None,Yes,Occasionally,High,Mild,None,Moderate,8,Moderate,7,High,Sensitive,Eczema
33,Other,Oily,High,Several,Yes,Occasionally,Low,Mild,None,Moderate,12,Low,8,Moderate,Oily,Acne
48,Male,Tight,Moderate,None,No,Rarely,Low,Mild,Noticeable,Low,5,Moderate,7,Moderate,Dry,Rosacea
57,Non-binary,Normal,Moderate,Several,No,Rarely,Low,Mild,Noticeable,High,7,Moderate,5,Moderate,Normal,Hyperpigmentation
50,Male,Normal,High,Few,No,Frequently,Low,Mild,Few,Low,4,High,5,High,Oily,Acne
23,Other,Oily,Moderate,None,No,Frequently,Low,Severe,None,High,6,Moderate,4,Moderate,Dry,Rosacea
54,Other,Normal,High,Several,Yes,Frequently,Moderate,Mild,None,High,7,Low,7,High,Sensitive,Acne
55,Other,Oily,Low,None,No,Occasionally,Moderate,Severe,Few,High,4,High,6,High,Combination,Hyperpigmentation
39,Other,Oily,Moderate,None,No,Rarely,Low,Severe,Noticeable,High,10,High,8,High,Sensitive,Hyperpigmentation
39,Other,Normal,Low,None,Yes,Frequently,Low,None,None,High,11,Moderate,10,Moderate,Dry,Rosacea
38,Male,Tight,High,Few,Yes,Rarely,High,Mild,None,High,11,Low,8,Moderate,Oily,Acne
40,Non-binary,Normal,High,Several,No,Occasionally,Low,Severe,Noticeable,Low,10,High,9,Low,Oily,Rosacea
23,Male,Oily,Moderate,Few,Yes,Occasionally,Moderate,Severe,Noticeable,Moderate,4,High,4,Low,Combination,Rosacea
19,Male,Tight,High,Few,Yes,Frequently,Moderate,Severe,None,Low,5,Low,8,Moderate,Dry,Rosacea
44,Female,Oily,Moderate,Few,Yes,Rarely,Low,Severe,None,Moderate,3,High,10,Low,Dry,Aging
46,Male,Normal,High,Few,Yes,Frequently,Low,Mild,Few,High,2,Moderate,10,Low,Dry,Eczema
28,Other,Tight,High,Few,No,Frequently,Low,Mild,Noticeable,Low,11,Moderate,6,Low,Normal,Acne
21,Other,Oily,High,Few,Yes,Frequently,Low,None,None,Low,12,High,7,Low,Normal,Eczema
19,Other,Normal,High,Several,No,Occasionally,High,Mild,Few,High,7,Low,5,Moderate,Dry,Acne
60,Male,Normal,High,Several,No,Frequently,Moderate,None,Few,High,6,Moderate,10,Low,Dry,Aging
42,Other,Oily,Moderate,Few,No,Rarely,Low,Mild,Few,High,9,High,5,Low,Oily,None
22,Other,Normal,Low,None,Yes,Rarely,High,Mild,Noticeable,Low,8,High,4,High,Dry,Acne
44,Female,Tight,Moderate,None,Yes,Frequently,Moderate,None,None,Moderate,8,Moderate,7,Moderate,Normal,Aging
54,Male,Oily,High,None,No,Frequently,High,Mild,Few,Moderate,6,High,7,High,Sensitive,Eczema
27,Non-binary,Tight,Low,None,No,Rarely,Low,Severe,None,High,12,Low,8,Moderate,Oily,Eczema
34,Other,Oily,Moderate,Several,Yes,Frequently,Moderate,None,Few,Low,9,Low,7,Low,Combination,Hyperpigmentation
57,Non-binary,Oily,High,None,No,Occasionally,Low,Mild,Few,Low,11,Moderate,5,Moderate,Oily,Hyperpigmentation
20,Female,Tight,Moderate,Several,Yes,Frequently,Moderate,None,Noticeable,Moderate,5,Low,9,High,Oily,Hyperpigmentation
46,Female,Tight,Moderate,Few,Yes,Frequently,Low,Severe,Noticeable,High,4,High,5,Low,Sensitive,Eczema
22,Other,Normal,High,Few,Yes,Occasionally,Low,Mild,None,Moderate,12,Moderate,4,Low,Combination,Acne
32,Other,Normal,Low,Few,Yes,Occasionally,High,Severe,Noticeable,Low,3,Low,10,Low,Sensitive,Aging
57,Female,Normal,Low,None,No,Rarely,Moderate,Severe,Few,Low,3,High,8,Moderate,Combination,Aging
18,Female,Normal,Low,None,Yes,Rarely,Moderate,None,Few,Low,3,Moderate,5,Low,Sensitive,Aging
42,Non-binary,Tight,Low,Several,Yes,Occasionally,Moderate,Mild,None,Low,11,Low,8,Moderate,Normal,None
28,Other,Normal,High,Few,No,Frequently,Moderate,None,None,Moderate,3,Moderate,5,Moderate,Dry,Hyperpigmentation
28,Male,Normal,Low,Few,No,Frequently,Moderate,Mild,Few,Low,3,Low,10,Low,Normal,Aging
39,Male,Oily,Low,None,No,Occasionally,Low,None,None,Moderate,11,Low,6,Moderate,Sensitive,Eczema
21,Male,Tight,Low,None,No,Frequently,Low,Severe,Noticeable,Moderate,7,Moderate,9,Moderate,Combination,None
54,Female,Tight,High,Several,No,Occasionally,High,Mild,Noticeable,High,9,High,9,Low,Combination,Eczema
52,Other,Normal,Moderate,Several,No,Rarely,Moderate,Mild,None,Low,11,Low,5,High,Dry,None
52,Other,Oily,Low,Few,No,Occasionally,High,Mild,Few,High,2,Moderate,7,High,Combination,Aging
48,Male,Normal,High,Several,Yes,Rarely,High,Severe,None,High,5,High,10,Low,Oily,Eczema
25,Female,Oily,Low,Few,Yes,Rarely,High,Severe,None,High,1,Low,5,High,Dry,Rosacea
55,Other,Normal,Moderate,None,Yes,Occasionally,High,None,Few,High,7,Low,5,Low,Sensitive,Acne
42,Non-binary,Tight,Low,Several,No,Occasionally,Low,Mild,None,Low,5,Moderate,5,Moderate,Sensitive,Hyperpigmentation
59,Female,Tight,Low,Few,Yes,Rarely,Moderate,Mild,Few,Moderate,11,Low,8,Moderate,Dry,Eczema
43,Male,Normal,High,Few,No,Occasionally,Moderate,None,Few,High,4,Low,6,Moderate,Normal,Acne
25,Other,Tight,Low,Several,Yes,Occasionally,Low,Severe,None,Low,2,Low,5,Moderate,Sensitive,Eczema
25,Female,Tight,High,Several,Yes,Occasionally,Moderate,Severe,Few,Moderate,12,High,10,Moderate,Oily,Hyperpigmentation
31,Non-binary,Oily,Low,Several,No,Rarely,Moderate,None,Noticeable,High,11,Low,7,Low,Dry,Hyperpigmentation
57,Other,Normal,Low,Several,No,Occasionally,Moderate,Mild,None,High,1,Low,7,High,Normal,Hyperpigmentation
34,Other,Oily,Moderate,Few,No,Occasionally,Low,None,None,Low,7,Low,5,Moderate,Combination,Aging
33,Other,Tight,Moderate,Few,Yes,Frequently,Low,Mild,Few,Moderate,1,Low,8,High,Oily,Aging
42,Female,Normal,High,Several,No,Rarely,High,None,Noticeable,High,5,Low,6,High,Oily,Hyperpigmentation
46,Other,Normal,Low,Few,No,Rarely,Low,Mild,None,High,7,Low,6,Low,Combination,Aging
34,Female,Normal,Low,None,No,Occasionally,Low,Severe,Noticeable,Low,1,High,8,Moderate,Combination,Acne
34,Female,Tight,Low,None,No,Rarely,High,None,Few,Moderate,4,High,7,High,Oily,Hyperpigmentation
57,Other,Oily,Low,Several,Yes,Frequently,Low,Severe,Noticeable,High,10,Moderate,7,High,Dry,Rosacea
55,Male,Oily,High,Several,Yes,Rarely,High,Severe,Noticeable,Low,7,Low,5,High,Oily,Hyperpigmentation
41,Female,Oily,Low,Few,No,Rarely,Low,Mild,Few,Moderate,9,High,8,High,Sensitive,Rosacea
21,Other,Tight,Low,Several,Yes,Frequently,High,Mild,Noticeable,High,2,Moderate,5,Moderate,Sensitive,Acne
45,Non-binary,Normal,Moderate,None,No,Frequently,Moderate,None,Noticeable,Moderate,2,High,10,High,Oily,Hyperpigmentation
20,Other,Normal,Low,None,Yes,Occasionally,High,Mild,Noticeable,High,6,High,9,Low,Normal,Hyperpigmentation
24,Female,Tight,High,None,Yes,Frequently,Moderate,Mild,Few,High,12,Low,5,Low,Normal,Acne
27,Non-binary,Normal,High,Few,Yes,Frequently,Moderate,None,Few,Low,4,Low,4,High,Normal,Hyperpigmentation
46,Non-binary,Oily,Moderate,Few,Yes,Occasionally,Low,Mild,Noticeable,Moderate,3,High,10,Moderate,Combination,Eczema
54,Other,Oily,High,None,Yes,Rarely,High,None,Few,Moderate,12,Moderate,4,Low,Normal,None
47,Female,Tight,High,Several,Yes,Rarely,High,Severe,Few,Moderate,12,Moderate,5,Moderate,Normal,None
18,Other,Tight,Low,Few,Yes,Occasionally,High,Mild,Few,Moderate,10,High,4,Moderate,Dry,Rosacea
48,Other,Normal,Low,None,No,Frequently,High,None,None,Moderate,11,Moderate,7,Moderate,Dry,Hyperpigmentation
54,Non-binary,Tight,Moderate,None,Yes,Rarely,Low,None,None,High,3,Moderate,4,Low,Normal,Aging
41,Non-binary,Oily,Low,Several,No,Rarely,High,Mild,Few,High,12,High,6,High,Oily,Acne
45,Non-binary,Oily,Moderate,Several,Yes,Frequently,Low,Severe,None,High,2,Moderate,5,High,Oily,Aging
27,Female,Tight,Low,Few,No,Frequently,Low,Mild,Noticeable,High,10,Low,7,Low,Dry,Acne
40,Male,Normal,Low,Several,No,Occasionally,Low,Severe,Noticeable,Moderate,12,High,7,High,Combination,Eczema
55,Male,Normal,High,Several,No,Rarely,Moderate,None,Noticeable,High,2,High,5,High,Sensitive,Rosacea
19,Female,Normal,Low,None,No,Frequently,High,Severe,Few,High,1,Low,8,Moderate,Combination,Hyperpigmentation
46,Non-binary,Tight,Moderate,Few,No,Frequently,High,Severe,Noticeable,Low,4,Moderate,4,Moderate,Dry,Hyperpigmentation
60,Female,Oily,High,Few,No,Frequently,High,Severe,Few,Moderate,7,High,8,Low,Normal,Eczema
49,Non-binary,Normal,Moderate,None,Yes,Occasionally,Moderate,Severe,None,Moderate,10,Low,9,High,Combination,Acne
32,Other,Normal,Moderate,None,No,Frequently,Moderate,Severe,None,Low,2,Low,8,Moderate,Dry,None
39,Non-binary,Oily,Low,None,No,Frequently,High,Mild,None,Low,5,High,6,Moderate,Oily,Rosacea
52,Non-binary,Tight,Low,Several,No,Frequently,Low,None,None,Low,11,High,10,Moderate,Oily,Rosacea
45,Female,Normal,Low,Few,Yes,Frequently,Moderate,Severe,Few,Moderate,2,Low,6,High,Dry,Aging
25,Male,Tight,Moderate,None,No,Frequently,High,None,Few,High,5,Moderate,8,High,Dry,Hyperpigmentation
43,Female,Tight,High,None,Yes,Rarely,Low,Mild,Noticeable,Moderate,7,High,8,High,Oily,Hyperpigmentation
50,Non-binary,Normal,High,Few,Yes,Frequently,Low,Mild,Few,High,9,High,4,Moderate,Combination,Hyperpigmentation
56,Other,Oily,Moderate,Several,No,Rarely,Low,Severe,Few,Moderate,9,High,7,Low,Dry,Aging
37,Male,Oily,Moderate,None,Yes,Frequently,Low,Mild,Noticeable,Low,5,Moderate,5,Low,Sensitive,Hyperpigmentation
41,Female,Tight,Moderate,None,Yes,Rarely,High,None,None,Low,1,Low,10,Low,Dry,Eczema
45,Female,Normal,Low,Few,Yes,Frequently,Moderate,Mild,Noticeable,Low,5,High,9,Moderate,Sensitive,Eczema
49,Female,Oily,High,Several,No,Occasionally,Low,Severe,None,Low,12,High,4,Low,Normal,Rosacea
36,Male,Oily,Low,Few,No,Rarely,High,Mild,Noticeable,Moderate,5,Moderate,9,Low,Combination,Eczema
42,Other,Normal,Low,Several,No,Frequently,Low,Severe,None,High,11,Low,10,Moderate,Dry,Acne
22,Male,Normal,Low,None,No,Frequently,Low,Mild,None,High,8,High,4,Moderate,Oily,Hyperpigmentation
41,Non-binary,Oily,High,Several,Yes,Rarely,Low,Severe,Noticeable,Low,12,Moderate,8,Moderate,Normal,Rosacea
51,Female,Normal,Moderate,None,No,Rarely,Low,None,Noticeable,Moderate,4,High,7,High,Combination,Eczema
52,Non-binary,Tight,Moderate,None,Yes,Frequently,High,Severe,Noticeable,Low,9,Moderate,9,Moderate,Normal,Rosacea
58,Other,Oily,High,None,Yes,Frequently,Low,Mild,None,Low,7,Low,8,High,Oily,Eczema
29,Non-binary,Normal,High,Few,Yes,Occasionally,High,Severe,Noticeable,High,5,Low,7,Low,Oily,Eczema
35,Female,Normal,Moderate,Few,Yes,Rarely,Low,Severe,Few,Low,1,Moderate,7,High,Normal,None
31,Other,Normal,High,Few,Yes,Occasionally,High,Mild,None,Moderate,7,Moderate,8,Low,Oily,Aging
19,Non-binary,Oily,High,Several,Yes,Occasionally,High,Mild,Few,High,12,High,10,Low,Dry,Aging
22,Non-binary,Tight,High,Few,No,Rarely,Moderate,None,Few,High,5,High,10,High,Combination,Hyperpigmentation
59,Other,Normal,High,None,Yes,Occasionally,Moderate,Mild,None,High,12,High,6,Low,Combination,Rosacea
32,Other,Oily,Low,Few,Yes,Frequently,Moderate,Severe,None,Moderate,5,Low,8,Moderate,Oily,Hyperpigmentation
39,Female,Normal,Low,Several,No,Frequently,Low,None,Noticeable,High,4,High,9,Low,Normal,Aging
34,Female,Tight,Moderate,Several,Yes,Frequently,Low,None,None,High,11,Moderate,4,High,Combination,Aging
24,Female,Tight,Low,Several,Yes,Rarely,Moderate,None,Noticeable,Low,11,Moderate,10,Moderate,Normal,Acne
24,Other,Normal,Low,Several,Yes,Rarely,High,None,Few,Moderate,8,Moderate,9,High,Oily,None
18,Female,Oily,Low,None,Yes,Rarely,High,None,None,Moderate,7,Moderate,4,Low,Sensitive,Acne
40,Male,Normal,Low,Several,No,Frequently,Moderate,None,Noticeable,Low,2,High,6,High,Dry,Aging
60,Other,Oily,High,Few,Yes,Frequently,Low,Severe,Noticeable,Low,10,Moderate,4,Low,Normal,Acne
33,Other,Oily,Moderate,Several,Yes,Occasionally,Low,Mild,Few,Moderate,1,High,4,High,Oily,Rosacea
59,Female,Oily,Low,Several,Yes,Frequently,Moderate,Mild,Few,High,12,Low,7,High,Dry,Aging
41,Non-binary,Normal,Low,Few,No,Rarely,Moderate,Severe,Noticeable,Low,10,Low,7,Moderate,Dry,Aging
20,Other,Normal,Low,Several,Yes,Occasionally,Moderate,Mild,Noticeable,Low,4,Low,6,Low,Sensitive,None
44,Non-binary,Oily,Moderate,Few,Yes,Frequently,Low,Severe,None,Low,10,Moderate,7,Low,Combination,Eczema
58,Female,Tight,Moderate,None,Yes,Frequently,Moderate,Severe,None,Moderate,6,Moderate,10,Moderate,Sensitive,None
21,Non-binary,Normal,Moderate,Few,No,Frequently,Low,Mild,None,High,10,Low,4,Low,Dry,Acne
19,Female,Normal,Moderate,Several,Yes,Rarely,Moderate,None,None,Low,11,Low,6,Moderate,Combination,None
53,Male,Oily,Low,Few,Yes,Frequently,High,None,Noticeable,Moderate,3,Moderate,4,High,Sensitive,Hyperpigmentation
48,Female,Normal,Moderate,None,No,Occasionally,High,Severe,None,Low,5,High,7,High,Normal,Acne
41,Other,Tight,High,None,Yes,Rarely,High,Mild,Noticeable,High,12,High,8,Low,Oily,None
32,Other,Tight,Moderate,Few,Yes,Frequently,High,Mild,Noticeable,Low,2,High,7,Moderate,Combination,None
18,Female,Tight,Low,None,Yes,Frequently,Moderate,Mild,None,Moderate,3,Moderate,9,Moderate,Combination,Hyperpigmentation
41,Other,Normal,Low,Several,No,Occasionally,Moderate,Severe,Few,Low,11,Moderate,9,High,Dry,None
43,Male,Tight,Low,None,No,Rarely,Moderate,None,None,Low,9,High,6,Low,Oily,Hyperpigmentation
53,Female,Oily,Low,Few,No,Occasionally,High,None,Few,High,1,High,7,Moderate,Sensitive,None
32,Other,Tight,Low,Several,Yes,Occasionally,Low,Mild,Noticeable,Moderate,9,Moderate,5,High,Dry,Eczema
51,Female,Tight,High,Several,No,Rarely,Low,Severe,None,High,10,Low,10,High,Oily,Rosacea
47,Male,Normal,Low,None,Yes,Rarely,Low,Severe,Few,Moderate,3,Moderate,7,Low,Combination,Rosacea
40,Male,Oily,High,Several,No,Frequently,Low,None,None,Moderate,12,High,8,Low,Oily,Aging
60,Other,Oily,Low,Several,Yes,Rarely,Low,Mild,Few,High,1,High,6,Moderate,Oily,Acne
45,Non-binary,Normal,Low,None,No,Rarely,Moderate,Severe,Noticeable,Moderate,11,Low,5,Low,Sensitive,Eczema
48,Other,Normal,Low,None,No,Occasionally,High,None,Few,High,5,High,5,High,Dry,Rosacea
59,Male,Tight,Low,None,Yes,Rarely,Low,Severe,Few,High,9,Low,5,Moderate,Normal,Hyperpigmentation
57,Male,Tight,Moderate,Several,No,Occasionally,Moderate,Severe,Few,Low,5,Moderate,5,Low,Sensitive,Acne
36,Non-binary,Tight,Low,None,Yes,Rarely,High,Severe,Noticeable,Moderate,3,Moderate,7,High,Normal,None
23,Female,Normal,High,Several,Yes,Frequently,Moderate,None,Few,Moderate,9,Low,4,Low,Normal,Hyperpigmentation
36,Male,Normal,Moderate,Few,Yes,Rarely,High,Mild,Noticeable,Low,11,Low,8,Low,Sensitive,Eczema
42,Other,Oily,Moderate,Several,No,Frequently,High,Mild,Noticeable,High,12,Moderate,8,High,Sensitive,Acne
57,Female,Normal,High,Several,No,Rarely,Moderate,None,Noticeable,Moderate,10,Low,10,Low,Normal,Acne
45,Female,Oily,Moderate,Several,Yes,Rarely,Low,Mild,Few,Low,6,Moderate,10,Moderate,Normal,Acne
24,Female,Tight,Moderate,Few,Yes,Frequently,High,None,None,High,11,Moderate,8,Moderate,Sensitive,Rosacea
52,Female,Normal,Low,Few,No,Occasionally,High,None,None,High,12,Low,4,High,Dry,Eczema
41,Non-binary,Tight,High,Few,No,Occasionally,Moderate,None,None,Low,5,Low,10,High,Oily,Eczema
60,Female,Tight,Low,None,No,Occasionally,Low,Severe,Few,High,12,High,5,High,Oily,Eczema
40,Male,Tight,Low,Several,Yes,Occasionally,Low,Mild,Noticeable,Moderate,4,High,8,Moderate,Dry,Rosacea
22,Non-binary,Oily,Moderate,Few,Yes,Frequently,Moderate,Severe,None,High,8,Low,5,Moderate,Dry,None
55,Non-binary,Tight,Moderate,Few,Yes,Frequently,Low,Severe,Noticeable,Low,8,High,10,Moderate,Normal,None
39,Non-binary,Oily,Moderate,Few,No,Occasionally,High,None,Few,High,11,Low,6,High,Sensitive,None
51,Other,Normal,Moderate,None,No,Occasionally,Low,None,None,High,8,Low,8,Moderate,Oily,Eczema
24,Non-binary,Normal,Moderate,Few,No,Occasionally,Low,Severe,Few,Moderate,2,Moderate,4,Moderate,Oily,Rosacea
60,Male,Normal,Low,Few,Yes,Occasionally,Moderate,Severe,Noticeable,Low,2,Low,4,High,Combination,None
43,Other,Normal,High,Few,Yes,Rarely,Low,Severe,Noticeable,Low,9,Moderate,7,Low,Combination,Aging
59,Other,Oily,Low,None,Yes,Occasionally,Low,Mild,Few,Low,3,Moderate,9,Low,Combination,Eczema
25,Other,Tight,Moderate,Several,Yes,Frequently,High,Mild,Noticeable,Moderate,3,High,7,Moderate,Sensitive,Hyperpigmentation
46,Other,Normal,High,Several,Yes,Occasionally,High,Mild,None,High,6,Low,10,Moderate,Oily,Rosacea
58,Male,Normal,Moderate,Few,Yes,Rarely,High,None,None,High,8,Moderate,4,Moderate,Oily,Rosacea
28,Male,Tight,High,None,No,Frequently,High,Severe,Few,Moderate,4,Low,10,Moderate,Combination,Eczema
48,Male,Tight,High,None,Yes,Rarely,Low,Severe,None,Moderate,8,Low,9,Moderate,Normal,Hyperpigmentation
47,Other,Oily,Low,Several,Yes,Occasionally,Moderate,Mild,Few,High,9,High,5,Moderate,Sensitive,Eczema
40,Non-binary,Oily,Low,Few,No,Rarely,High,None,Few,High,8,Moderate,5,Moderate,Sensitive,Rosacea
51,Non-binary,Normal,Low,Few,Yes,Occasionally,Low,Mild,Noticeable,Moderate,9,Low,9,High,Dry,Rosacea
30,Male,Tight,Low,None,Yes,Frequently,High,Severe,Few,Low,2,High,4,High,Sensitive,Acne
42,Non-binary,Normal,High,Several,Yes,Rarely,High,Mild,Few,High,6,Moderate,6,Moderate,Normal,None
46,Other,Tight,Moderate,Several,No,Rarely,High,Mild,None,Low,7,High,10,High,Normal,Rosacea
21,Non-binary,Tight,High,None,No,Frequently,Low,Severe,Noticeable,Low,10,High,4,Low,Sensitive,Rosacea
51,Non-binary,Tight,Low,None,Yes,Frequently,Moderate,None,Noticeable,Low,2,Moderate,5,High,Combination,Acne
36,Male,Oily,Moderate,Several,No,Occasionally,Low,Mild,None,Low,2,High,6,High,Oily,Aging
27,Non-binary,Normal,Low,Several,No,Occasionally,Low,Mild,None,Low,6,Low,10,High,Normal,None
32,Male,Normal,Moderate,None,Yes,Rarely,Moderate,Severe,Few,Moderate,10,Low,5,Low,Dry,Acne
38,Male,Normal,High,Several,No,Occasionally,High,Mild,Noticeable,Low,8,Low,6,Moderate,Sensitive,Acne
57,Male,Normal,Moderate,None,Yes,Rarely,Moderate,Mild,Few,High,12,Low,9,Moderate,Sensitive,Hyperpigmentation
36,Non-binary,Tight,Low,Few,Yes,Rarely,Moderate,Mild,Noticeable,Moderate,1,High,7,High,Combination,Eczema
24,Female,Oily,Low,Few,Yes,Occasionally,Moderate,Severe,Noticeable,Moderate,1,Low,9,High,Sensitive,Eczema
30,Male,Oily,High,None,No,Rarely,Low,None,Few,Moderate,1,Low,8,High,Dry,Hyperpigmentation
40,Other,Normal,High,None,Yes,Rarely,Low,Severe,Few,Low,4,High,5,Low,Sensitive,Rosacea
26,Other,Tight,Moderate,Few,Yes,Frequently,High,Severe,Few,High,4,Moderate,6,Low,Dry,None
45,Other,Normal,Low,Several,Yes,Occasionally,High,None,Few,High,5,High,6,Low,Dry,None
25,Other,Oily,High,Few,No,Frequently,Low,Severe,Noticeable,Moderate,5,High,8,Moderate,Oily,Acne
58,Female,Tight,Moderate,None,No,Occasionally,High,Mild,Few,Low,11,Moderate,5,High,Dry,Hyperpigmentation
55,Female,Oily,High,None,No,Frequently,High,None,Noticeable,Low,5,Moderate,9,High,Combination,Acne
48,Female,Tight,Moderate,Few,No,Occasionally,Moderate,Severe,Few,Moderate,8,Low,7,Moderate,Sensitive,Acne
32,Non-binary,Tight,High,Several,No,Occasionally,High,Severe,Noticeable,High,10,High,8,High,Sensitive,Eczema
60,Other,Oily,Low,Few,Yes,Rarely,Moderate,None,None,High,2,High,8,Moderate,Dry,Acne
31,Female,Oily,High,None,No,Occasionally,Low,None,Noticeable,Moderate,2,High,9,Low,Dry,Eczema
59,Male,Tight,Low,Several,No,Frequently,High,Severe,Noticeable,Moderate,4,High,9,Low,Combination,None
50,Female,Oily,Low,Few,Yes,Occasionally,High,Severe,Few,Low,3,Moderate,9,High,Oily,None
28,Male,Oily,Moderate,Few,Yes,Frequently,Moderate,Mild,Few,High,1,High,7,Moderate,Combination,Hyperpigmentation
24,Male,Normal,High,None,No,Occasionally,Low,Severe,None,Low,8,Low,7,Low,Dry,Hyperpigmentation
44,Non-binary,Oily,Low,Few,No,Rarely,Moderate,Severe,Few,High,9,High,6,High,Oily,Acne
20,Non-binary,Tight,Moderate,None,Yes,Frequently,High,Mild,None,Moderate,8,High,6,High,Oily,Hyperpigmentation
40,Other,Tight,Moderate,Several,Yes,Rarely,Low,Severe,None,High,9,Moderate,6,High,Dry,Eczema
31,Non-binary,Oily,Low,Several,Yes,Rarely,Moderate,Mild,None,Low,9,Low,10,Moderate,Normal,None
55,Male,Normal,Moderate,Several,Yes,Occasionally,High,Mild,None,High,10,Moderate,6,Moderate,Normal,Eczema
32,Male,Tight,Low,None,Yes,Rarely,Low,None,None,Low,3,High,8,Moderate,Sensitive,Aging
30,Other,Normal,Low,Few,No,Occasionally,Moderate,Mild,None,High,10,Moderate,9,Moderate,Normal,Hyperpigmentation
41,Female,Normal,Low,Few,No,Frequently,Low,Severe,None,High,11,Low,10,Low,Combination,Rosacea
50,Non-binary,Oily,Low,Few,No,Occasionally,High,Severe,None,Low,8,Moderate,6,Low,Oily,Hyperpigmentation
31,Other,Oily,Moderate,Few,No,Frequently,High,Severe,Noticeable,Low,12,High,9,High,Combination,Acne
57,Non-binary,Oily,High,Few,Yes,Frequently,High,None,None,High,8,Low,7,Moderate,Sensitive,Aging
35,Other,Oily,Low,Few,No,Rarely,Low,Severe,Few,Moderate,12,Low,6,High,Combination,None
51,Other,Normal,Moderate,None,Yes,Rarely,Moderate,Severe,None,High,7,High,10,Low,Combination,Aging
46,Other,Tight,High,None,Yes,Occasionally,High,Mild,None,Moderate,11,High,10,High,Oily,Eczema
60,Male,Normal,High,Few,No,Rarely,Moderate,Severe,Noticeable,Moderate,10,High,10,High,Combination,Aging
49,Other,Normal,Moderate,Several,No,Occasionally,Moderate,None,Few,High,1,Low,7,Low,Dry,Aging
28,Female,Tight,Moderate,Few,Yes,Occasionally,High,None,Few,Low,10,Low,8,High,Dry,Hyperpigmentation
25,Non-binary,Normal,Low,Few,Yes,Rarely,Moderate,Severe,Few,Moderate,3,High,4,Moderate,Combination,Rosacea
18,Other,Tight,High,Several,No,Frequently,Low,Severe,Noticeable,Low,6,Low,4,Moderate,Sensitive,Aging
24,Female,Normal,High,None,Yes,Frequently,Low,Severe,Few,Low,10,Low,4,High,Dry,Rosacea
49,Male,Tight,Moderate,None,No,Frequently,Moderate,None,None,High,9,Low,7,Low,Sensitive,Rosacea
53,Non-binary,Normal,High,Several,Yes,Frequently,Low,Mild,Few,Low,2,High,9,Moderate,Dry,Rosacea
41,Non-binary,Tight,Low,Several,Yes,Rarely,Low,Severe,None,Low,2,Moderate,9,High,Sensitive,Eczema
53,Other,Normal,High,Several,No,Rarely,Low,Mild,Few,High,1,Low,5,Low,Oily,Eczema
47,Male,Oily,Moderate,None,No,Frequently,High,None,None,Moderate,1,Low,6,Low,Sensitive,Rosacea
48,Male,Tight,Moderate,Few,Yes,Rarely,Low,Mild,None,Moderate,5,Moderate,9,High,Sensitive,Acne
18,Male,Oily,Moderate,None,Yes,Frequently,Moderate,Mild,None,Moderate,10,Moderate,7,Low,Combination,Aging
60,Male,Oily,Moderate,None,Yes,Frequently,Moderate,None,None,Low,3,High,5,High,Oily,Aging
33,Other,Tight,High,Several,No,Occasionally,High,Mild,None,Low,11,Moderate,4,Low,Sensitive,Hyperpigmentation
28,Other,Oily,Moderate,Several,Yes,Frequently,Moderate,None,None,Moderate,1,Moderate,5,High,Sensitive,Aging
36,Non-binary,Normal,Low,None,No,Rarely,Moderate,Mild,Few,Moderate,5,Low,4,Low,Combination,Hyperpigmentation
57,Other,Tight,High,Few,No,Frequently,Moderate,Mild,None,Low,12,Low,7,High,Normal,None
34,Non-binary,Normal,Low,None,No,Rarely,High,None,Few,Low,5,Moderate,8,Low,Sensitive,None
48,Female,Normal,High,None,Yes,Rarely,Moderate,Mild,None,Moderate,5,High,7,Low,Oily,Aging
54,Female,Normal,High,Several,No,Rarely,Moderate,Mild,None,High,7,High,9,Low,Dry,Eczema
34,Male,Oily,Low,None,No,Frequently,High,Mild,None,Low,8,Moderate,9,Low,Normal,Acne
29,Non-binary,Normal,Low,Several,No,Frequently,High,Severe,None,Low,6,Low,6,Moderate,Normal,Rosacea
18,Female,Tight,Low,Few,No,Frequently,High,Severe,Noticeable,Moderate,8,High,8,Low,Sensitive,Eczema
45,Male,Oily,High,None,Yes,Occasionally,Low,None,Noticeable,Moderate,3,Moderate,10,Moderate,Oily,Hyperpigmentation
51,Other,Oily,Low,Several,Yes,Frequently,Low,None,Noticeable,High,12,Moderate,9,High,Oily,Rosacea
53,Male,Normal,High,Few,No,Frequently,Moderate,Mild,Few,High,9,Low,8,High,Combination,Eczema
33,Non-binary,Normal,Moderate,Few,No,Occasionally,Moderate,Mild,None,Low,8,Low,7,High,Normal,Hyperpigmentation
18,Non-binary,Tight,Moderate,Few,Yes,Frequently,High,Mild,Noticeable,Low,12,High,7,Low,Sensitive,Eczema
41,Other,Normal,Low,None,Yes,Frequently,Low,None,Few,Low,4,Moderate,10,High,Combination,Acne
56,Female,Tight,High,None,Yes,Frequently,Moderate,Mild,None,High,11,Moderate,7,High,Dry,None
53,Female,Tight,Moderate,None,Yes,Rarely,Moderate,Mild,Few,Low,10,Moderate,4,High,Combination,None
60,Female,Normal,Low,None,No,Rarely,High,None,None,Moderate,2,High,7,High,Normal,Eczema
34,Female,Normal,High,Several,No,Rarely,Moderate,None,None,Low,6,Moderate,6,Low,Oily,Acne
40,Other,Tight,Moderate,Several,No,Frequently,Low,None,Few,Moderate,10,Low,8,Low,Normal,None
19,Non-binary,Oily,High,Several,No,Occasionally,Low,None,Few,Moderate,8,Low,7,Moderate,Sensitive,Aging
59,Other,Oily,Low,None,Yes,Occasionally,Moderate,Mild,Noticeable,Moderate,6,High,7,High,Oily,Eczema
38,Other,Tight,High,Several,Yes,Frequently,Low,Mild,Noticeable,Moderate,6,Moderate,10,Low,Combination,Acne
25,Female,Tight,High,None,Yes,Occasionally,Moderate,Mild,None,Low,1,Low,8,High,Combination,Rosacea
38,Male,Oily,Moderate,Several,Yes,Occasionally,High,Mild,Few,Moderate,5,Low,7,Low,Sensitive,Eczema
27,Other,Oily,Low,Few,Yes,Occasionally,Moderate,Severe,None,Low,6,Low,5,Low,Combination,Eczema
37,Non-binary,Oily,Low,Several,Yes,Occasionally,Low,None,None,High,3,High,10,Low,Sensitive,None
50,Other,Normal,Moderate,Several,No,Frequently,Moderate,None,None,Moderate,11,High,4,Moderate,Oily,Hyperpigmentation
23,Female,Tight,Low,Several,No,Occasionally,Low,Severe,Noticeable,High,11,High,10,Moderate,Sensitive,None
41,Male,Oily,High,Several,No,Occasionally,Low,Mild,None,Low,11,High,9,Low,Combination,Acne
58,Non-binary,Oily,Moderate,Few,No,Occasionally,High,None,Noticeable,High,2,Low,6,High,Dry,Eczema
24,Non-binary,Oily,High,None,Yes,Frequently,Moderate,Severe,Noticeable,High,9,High,10,High,Sensitive,Rosacea
41,Other,Tight,High,Few,Yes,Occasionally,Low,Severe,Few,High,9,Low,7,Low,Oily,Aging
58,Non-binary,Normal,Moderate,None,Yes,Frequently,Moderate,None,None,Moderate,9,Moderate,4,Low,Combination,Hyperpigmentation
46,Female,Oily,High,Few,Yes,Rarely,High,Mild,Few,High,10,High,10,High,Dry,Rosacea
39,Male,Oily,Low,Few,Yes,Frequently,Low,Severe,Noticeable,High,12,Moderate,4,Moderate,Oily,None
26,Female,Tight,Moderate,Several,Yes,Occasionally,Low,Severe,Noticeable,Low,7,Moderate,4,High,Dry,Acne
22,Female,Oily,Low,None,No,Frequently,Moderate,None,None,Moderate,10,Low,6,Low,Sensitive,None
44,Non-binary,Oily,High,Several,No,Rarely,Moderate,None,Noticeable,Moderate,1,High,10,High,Dry,Rosacea
58,Female,Normal,Moderate,Several,No,Occasionally,High,None,None,Low,6,Low,8,High,Normal,Hyperpigmentation
49,Male,Tight,High,None,No,Rarely,Low,None,Noticeable,Moderate,7,Moderate,7,High,Normal,Rosacea
39,Male,Normal,High,Few,Yes,Rarely,Low,Mild,Few,Moderate,3,Low,6,Low,Combination,Acne
60,Other,Oily,Moderate,None,No,Rarely,High,Severe,Few,Low,6,Moderate,10,High,Sensitive,Aging
28,Non-binary,Oily,Moderate,Few,Yes,Frequently,Low,Mild,Noticeable,High,10,Low,8,Moderate,Sensitive,Hyperpigmentation
23,Female,Oily,Moderate,None,No,Occasionally,Moderate,Mild,Noticeable,Low,6,Moderate,6,Low,Combination,Acne
21,Other,Oily,Moderate,Few,Yes,Occasionally,Moderate,Severe,Noticeable,High,5,High,6,High,Sensitive,None
58,Male,Tight,High,Few,Yes,Occasionally,High,Mild,None,Low,5,Low,4,Moderate,Oily,Aging
59,Other,Oily,Low,Several,Yes,Occasionally,Low,None,Few,High,6,High,10,High,Normal,Hyperpigmentation
46,Non-binary,Oily,High,None,No,Occasionally,High,None,Few,Moderate,7,Low,5,High,Combination,Hyperpigmentation
44,Other,Tight,Low,None,Yes,Frequently,Moderate,Mild,Noticeable,Low,2,Low,5,High,Sensitive,Hyperpigmentation
38,Other,Normal,Low,Few,Yes,Occasionally,Low,Mild,Few,Low,11,Low,9,Low,Combination,None
60,Other,Oily,Moderate,Several,Yes,Occasionally,Moderate,Severe,Noticeable,Moderate,3,Moderate,9,Moderate,Normal,Rosacea
38,Male,Oily,Low,Several,No,Frequently,Moderate,None,Noticeable,High,1,Low,5,Low,Dry,Hyperpigmentation
46,Female,Tight,High,None,Yes,Occasionally,High,None,None,Low,7,Moderate,6,Low,Oily,Hyperpigmentation
32,Female,Oily,Low,None,No,Frequently,High,None,None,Moderate,4,Low,4,Moderate,Normal,Aging
47,Female,Normal,Low,Few,Yes,Rarely,Moderate,None,Noticeable,High,11,High,9,Low,Oily,None
50,Male,Oily,Moderate,Few,No,Rarely,High,None,None,High,9,High,4,Moderate,Combination,Acne
21,Non-binary,Tight,Moderate,None,No,Occasionally,High,Mild,None,Low,2,High,10,Low,Dry,Eczema
20,Male,Tight,High,Several,No,Rarely,High,Severe,Noticeable,Moderate,3,High,7,High,Sensitive,Aging
29,Female,Tight,Moderate,Several,Yes,Occasionally,High,Severe,None,Moderate,7,Moderate,9,High,Normal,Rosacea
45,Male,Tight,Moderate,Several,No,Rarely,Low,None,Few,Low,8,Low,9,Moderate,Sensitive,Rosacea
37,Other,Oily,High,Few,No,Rarely,Low,Mild,Few,Moderate,3,Moderate,10,High,Sensitive,Hyperpigmentation
25,Other,Normal,Moderate,None,No,Occasionally,High,None,Noticeable,High,8,Moderate,4,High,Normal,Acne
40,Female,Tight,Low,Few,No,Rarely,High,None,Noticeable,Moderate,1,Low,7,High,Normal,Hyperpigmentation
28,Other,Normal,High,Few,No,Frequently,Low,None,Noticeable,High,12,Low,8,Moderate,Combination,Acne
30,Non-binary,Tight,Low,Few,Yes,Occasionally,High,None,Few,Low,12,Moderate,7,High,Oily,None
21,Other,Tight,Moderate,Few,Yes,Occasionally,High,Mild,None,High,11,Low,6,Moderate,Dry,Rosacea
25,Other,Oily,Moderate,None,No,Rarely,High,Mild,Few,Low,4,High,9,Moderate,Sensitive,Acne
25,Non-binary,Oily,Low,Few,Yes,Occasionally,High,Severe,None,Low,11,High,10,High,Dry,Eczema
36,Female,Normal,Low,Several,No,Occasionally,Moderate,Mild,None,Moderate,10,Low,5,High,Combination,Hyperpigmentation
21,Male,Normal,Moderate,None,No,Frequently,Moderate,Severe,Noticeable,High,1,High,8,Low,Normal,Rosacea
21,Other,Oily,Low,Several,Yes,Rarely,Low,Severe,Few,Moderate,8,Low,4,Low,Combination,Hyperpigmentation
22,Female,Oily,High,Several,No,Occasionally,High,None,Noticeable,High,8,Low,6,Moderate,Combination,Rosacea
51,Non-binary,Normal,High,None,No,Rarely,Low,None,None,Low,2,Low,5,Low,Oily,Eczema
60,Non-binary,Tight,Low,Few,Yes,Occasionally,High,None,Noticeable,Low,5,Moderate,5,Moderate,Sensitive,Hyperpigmentation
44,Other,Normal,Moderate,None,No,Occasionally,Low,Severe,Noticeable,Low,6,Moderate,10,Moderate,Oily,None
32,Other,Tight,Low,Several,Yes,Rarely,Low,Severe,Few,Moderate,8,Low,9,Low,Sensitive,Aging
38,Non-binary,Normal,High,None,Yes,Rarely,High,None,Few,High,2,Moderate,6,Moderate,Dry,Rosacea
51,Male,Normal,Moderate,Several,Yes,Occasionally,High,Mild,Noticeable,Low,8,High,5,High,Dry,Aging
53,Other,Oily,High,Several,No,Occasionally,Low,Mild,Few,Low,12,Low,10,Moderate,Oily,Hyperpigmentation
25,Non-binary,Tight,Moderate,Few,No,Frequently,Low,None,None,Moderate,11,High,6,Low,Oily,Aging
18,Male,Oily,Low,Several,No,Occasionally,Low,None,None,Low,1,Moderate,8,Moderate,Dry,Eczema
46,Non-binary,Normal,Moderate,None,No,Rarely,Low,None,None,Low,3,Moderate,10,Moderate,Sensitive,Acne
60,Female,Normal,Moderate,None,No,Occasionally,Moderate,Severe,Few,Moderate,10,Moderate,9,High,Combination,Acne
43,Male,Normal,High,Few,Yes,Rarely,Low,Mild,Noticeable,Moderate,1,Low,9,Moderate,Oily,Rosacea
24,Female,Normal,High,Several,Yes,Occasionally,Low,Mild,None,Low,6,Moderate,6,Low,Dry,Eczema
25,Non-binary,Tight,High,Few,Yes,Frequently,High,None,Noticeable,Moderate,12,Low,4,Low,Sensitive,None
58,Other,Oily,Low,Few,No,Rarely,Low,Severe,Few,Moderate,12,Low,10,Low,Normal,Hyperpigmentation
40,Other,Oily,Low,Few,No,Occasionally,Low,None,Few,Moderate,5,Low,5,High,Oily,Acne
47,Non-binary,Normal,High,Few,Yes,Occasionally,Moderate,Severe,None,High,12,Low,10,Moderate,Sensitive,Acne
43,Other,Tight,High,None,Yes,Occasionally,High,None,Few,Moderate,5,Low,10,Moderate,Oily,Hyperpigmentation
33,Other,Oily,High,Several,Yes,Frequently,High,None,None,Low,11,Moderate,5,High,Dry,Hyperpigmentation
18,Female,Tight,High,Few,No,Occasionally,Moderate,Mild,Noticeable,Moderate,2,High,6,Moderate,Normal,Aging
27,Female,Tight,High,Few,No,Frequently,Moderate,None,Noticeable,Moderate,5,Moderate,9,Moderate,Normal,Aging
52,Non-binary,Tight,Low,Several,Yes,Rarely,High,Severe,Noticeable,Low,3,High,4,Low,Sensitive,Aging
56,Other,Tight,Moderate,Several,Yes,Occasionally,Low,Mild,Few,Moderate,3,High,8,High,Normal,Eczema
27,Non-binary,Normal,Low,Few,No,Occasionally,High,None,None,Moderate,3,Moderate,9,Low,Sensitive,Aging
57,Female,Tight,Low,Few,No,Occasionally,High,Severe,None,High,3,Moderate,9,High,Oily,Hyperpigmentation
38,Female,Normal,Moderate,None,Yes,Frequently,High,Mild,Noticeable,High,1,High,9,Low,Dry,Eczema
46,Male,Tight,Low,None,No,Rarely,Low,Mild,None,Low,4,Low,5,Moderate,Normal,Acne
20,Female,Oily,High,Few,Yes,Occasionally,Moderate,None,None,Moderate,12,High,6,Low,Dry,Eczema
32,Non-binary,Normal,Low,Several,Yes,Occasionally,Moderate,Mild,None,Moderate,11,Moderate,9,Low,Dry,Rosacea
50,Female,Normal,Moderate,None,Yes,Frequently,Moderate,None,Noticeable,High,12,Moderate,7,Moderate,Combination,Acne
45,Male,Normal,High,Few,Yes,Rarely,High,Severe,None,High,1,Low,6,High,Oily,Aging
46,Other,Normal,Moderate,Several,No,Rarely,Low,None,None,High,8,Low,6,High,Oily,None
24,Male,Normal,High,Several,Yes,Frequently,High,Severe,Noticeable,Low,6,High,5,Low,Oily,None
40,Other,Tight,Moderate,Few,No,Frequently,Moderate,Mild,Noticeable,Moderate,9,High,7,Moderate,Oily,Eczema
20,Non-binary,Oily,High,Few,Yes,Frequently,Moderate,Mild,Noticeable,Moderate,1,High,9,Low,Combination,Acne
48,Female,Tight,Moderate,None,Yes,Frequently,Moderate,Mild,None,Moderate,8,High,6,High,Sensitive,None
46,Male,Normal,Low,Few,Yes,Rarely,High,None,Few,Low,5,Moderate,8,High,Combination,Acne
23,Non-binary,Normal,High,Several,No,Rarely,Low,None,Noticeable,Low,4,Low,6,High,Sensitive,Rosacea
36,Male,Normal,High,None,No,Frequently,Moderate,Severe,None,Low,7,High,4,Low,Dry,Hyperpigmentation
30,Non-binary,Normal,Moderate,Several,No,Rarely,Moderate,Mild,Noticeable,Moderate,5,Low,9,Low,Dry,Acne
37,Non-binary,Normal,High,Few,Yes,Frequently,Low,Severe,None,High,6,High,4,Moderate,Sensitive,Eczema
24,Other,Normal,Moderate,Few,No,Rarely,Moderate,None,Noticeable,Low,3,High,4,Moderate,Dry,Eczema
60,Male,Normal,Low,Several,Yes,Rarely,Moderate,Mild,None,Low,11,High,9,High,Normal,None
39,Other,Tight,High,Few,Yes,Frequently,Low,Severe,Few,Low,8,Low,10,Low,Oily,Hyperpigmentation
19,Non-binary,Tight,Moderate,None,Yes,Occasionally,Moderate,Mild,Few,Low,4,Low,10,Low,Normal,Hyperpigmentation
